"","word","gender","cnt"
"36474","Zeit","f",1002305
"35541","Unternehmen","n",683968
"2390","Arbeit","f",683540
"11829","Entwicklung","f",618054
"6101","Beispiel","n",585967
"5729","Bedeutung","f",554856
"33228","Teil","n",550879
"33229","Teil","m",550879
"6547","Berlin","n",541701
"16420","Gesellschaft","f",510357
"16273","Geschichte","f",502907
"13721","Fall","n",490789
"13722","Fall","m",490789
"11307","Ende","n",450535
"31","Abbildung","f",448901
"2989","Art","f",443424
"31031","Seite","f",413556
"6440","Bereich","m",400570
"20584","Kapitel","n",393252
"37576","Zusammenhang","m",383928
"27864","München","n",360749
"7670","Bild","n",348998
"36926","Ziel","n",343702
"5934","Begriff","m",333671
"27405","Möglichkeit","f",319485
"32551","System","n",296158
"1296","Analyse","f",294611
"32156","Situation","f",292390
"26998","Mitarbeiter","m",272654
"23688","Kosten","n",267859
"24877","Mann","m",265197
"13798","Familie","f",265065
"3505","Aufgabe","f",260657
"32705","Tag","m",258943
"32706","Tag","n",258943
"30199","Schule","f",258813
"32654","Tabelle","f",258159
"33825","Thema","n",257704
"24789","Management","n",253412
"33873","Theorie","f",249194
"21390","Kind","n",247532
"28124","Mutter","f",247471
"9795","Ebene","f",243080
"26049","Mensch","m",240672
"26050","Mensch","n",240672
"14646","Funktion","f",238536
"21550","Kirche","f",233289
"7516","Bezug","m",228123
"12322","Ergebnis","n",225707
"22555","Kommunikation","f",223170
"35263","Universität","f",222653
"7796","Bildung","f",222290
"30202","Schüler","m",220515
"27344","Modell","n",219322
"10253","Einfluss","m",218724
"19274","Interesse","n",211745
"35737","Untersuchung","f",211280
"2150","Anwendung","f",209931
"37427","Zukunft","f",209811
"11720","Entscheidung","f",207826
"13112","Europa","f",207435
"13113","Europa","n",207435
"2185","Anzahl","f",206565
"31828","Sicht","f",203644
"32062","Sinn","m",203395
"28648","Namen","m",201604
"33681","Text","m",201354
"28849","Natur","f",201178
"19333","Internet","n",200625
"1448","Anfang","m",200118
"471","Abschnitt","m",196433
"5280","Basis","f",195424
"10279","Einführung","f",194929
"7478","Beziehung","f",194401
"24443","Kritik","f",191538
"3962","Ausdruck","f",190365
"3963","Ausdruck","m",190365
"5898","Beginn","m",189730
"5031","Band","m",188087
"5032","Band","f",188087
"5033","Band","n",188087
"10529","Einsatz","m",186492
"7246","Bevölkerung","f",183618
"13734","Fällen","n",183178
"36205","Zahl","f",179556
"12256","Erfolg","m",176474
"15373","Gedanken","m",175186
"27962","Musik","f",174962
"1969","Anteil","m",174838
"26358","Methode","f",172911
"23308","Konzept","n",172030
"3","A","n",171135
"23141","Kontext","m",170654
"23541","Körper","m",170276
"35727","Unterstützung","f",170157
"30046","Schritt","m",168899
"23397","Kopf","m",168839
"24226","Krieg","m",168573
"27140","Mittel","n",168526
"12222","Erfahrung","f",168385
"23806","Kraft","f",164580
"1923","Anspruch","m",164205
"3019","Artikel","m",163472
"19196","Integration","f",163318
"36568","Zeitpunkt","m",163198
"16463","Gesetz","n",162696
"8751","Diskussion","f",162459
"7319","Bewegung","f",160674
"25128","Markt","f",157729
"25129","Markt","m",157729
"1589","Angst","f",157721
"31736","Sicherheit","f",157573
"1861","Ansatz","m",157481
"20664","Karl","m",156147
"17583","Haus","n",154181
"3573","Auflage","f",152352
"18748","Information","f",152343
"6115","Beitrag","m",149917
"13101","Euro","m",149490
"13102","Euro","f",149490
"37553","Zusammenarbeit","f",149377
"33957","Thomas","m",147066
"25907","Meinung","f",146433
"18263","Identität","f",146266
"24652","Mai","m",144433
"21742","Klasse","f",144162
"33029","Tätigkeit","f",143856
"23223","Kontrolle","f",143352
"10347","Einheit","f",143151
"16737","Gewalt","f",141294
"19751","Journal","n",138572
"953","Alter","m",138080
"954","Alter","n",138080
"7408","Bewertung","f",137783
"5976","Behandlung","f",137649
"31542","September","m",137392
"3854","August","m",137373
"27134","Mitte","f",136963
"19929","Juni","m",136858
"24726","Mal","n",135766
"35698","Unterschied","m",134993
"18242","Idee","f",134698
"2115","Antwort","f",133829
"34750","Umgang","m",133692
"34884","Umsetzung","f",133591
"25287","März","m",132838
"3893","Ausbildung","f",130758
"22526","Kommission","f",129902
"2391","Arbeiten","n",127872
"36427","Zeichen","n",127368
"18892","Inhalt","m",127302
"20304","Kampf","m",126808
"13732","Falle","f",126627
"15238","Gebiet","n",125726
"16583","Gestaltung","f",125511
"9410","Druck","m",125381
"2343","April","m",124532
"15518","Gemeinschaft","f",122908
"26426","Michael","m",121701
"2392","Arbeiter","m",121252
"19894","Juli","m",121207
"35233","Union","f",120924
"33047","Tatsache","f",120802
"10254","Einfluß","m",120637
"36584","Zeitschrift","f",120320
"3419","Aufbau","m",120126
"30400","Schutz","m",118868
"12439","Erklärung","f",117454
"34669","Uhr","f",117199
"22405","Köln","n",116487
"37661","Zustand","m",115506
"24665","Main","m",114877
"24666","Main","f",114877
"34928","Umwelt","f",114219
"6791","Beschreibung","f",114177
"4567","Auswahl","f",113488
"16546","Gespräch","n",110644
"6524","Bericht","m",109946
"27451","Moment","n",109663
"27452","Moment","m",109663
"19138","Institut","m",109078
"19139","Institut","n",109078
"33162","Technik","f",108538
"1762","Annahme","f",108140
"7031","Betrachtung","f",107985
"3986","Auseinandersetzung","f",106750
"9624","Durchführung","f",106480
"37784","Zweck","m",105964
"25270","Martin","m",105857
"6561","Berücksichtigung","f",104769
"22857","König","m",103929
"27817","Müller","m",103048
"6950","Bestimmung","f",102987
"3485","Auffassung","f",101565
"33818","Theil","m",101308
"33887","Therapie","f",100547
"12908","Erziehung","f",100527
"4309","Aussage","f",100482
"387","Absatz","m",100021
"1436","Anerkennung","f",98612
"3105","Aspekt","m",98571
"35653","Unterricht","m",98547
"37360","Zugang","m",98525
"23095","Kontakt","m",98347
"19374","Interpretation","f",97998
"13241","Existenz","f",97984
"14503","Führung","f",97906
"36604","Zeitung","f",97787
"3602","Aufmerksamkeit","f",97445
"14133","Fehler","m",97005
"14088","Februar","m",96603
"28569","Nähe","f",96447
"36050","Urteil","m",96236
"36051","Urteil","n",96236
"34734","Umfang","m",96067
"28456","Nacht","f",95610
"16508","Gesicht","n",95338
"4709","Autor","m",95115
"12401","Erkenntnis","n",94736
"12402","Erkenntnis","f",94736
"10626","Einstellung","f",94674
"26025","Menge","f",94449
"1905","Ansicht","f",93249
"33940","These","f",93009
"10232","Eindruck","m",92785
"23362","Kooperation","f",92773
"13588","Fähigkeit","f",92188
"2408","Arbeiterklasse","f",92062
"30647","Schweiz","f",91871
"11412","Energie","f",91747
"12569","Ernst","m",91539
"34372","Überblick","m",90958
"7230","Beurteilung","f",90122
"36805","Zentrum","n",89815
"12145","Erde","f",89605
"31603","Service","m",89346
"31604","Service","n",89346
"2438","Arbeitnehmer","m",89224
"1506","Angebot","n",89020
"11798","Entstehung","f",88971
"11510","England","n",87933
"33292","Teilnehmer","m",87627
"28647","Name","m",87582
"16640","Gesundheit","f",87447
"4869","Baden","n",86594
"7451","Bewußtsein","n",86343
"10467","Einleitung","f",86294
"14255","Feld","n",86056
"20076","Kaiser","m",84770
"36572","Zeitraum","m",84383
"18620","Industrie","f",83839
"214","Abhängigkeit","f",83662
"29950","Schreiben","n",83269
"20486","Kapital","n",82878
"1603","Anhang","m",82822
"33010","Tat","f",82794
"30859","Seele","f",82770
"5958","Begründung","f",82766
"15816","Georg","m",82755
"7059","Betrieb","m",82311
"8606","Dimension","f",81933
"35690","Unterscheidung","f",80971
"5074","Bank","f",80853
"19410","Interview","n",80569
"6390","Beratung","f",80117
"22648","Kompetenz","f",80079
"15689","Generation","f",79786
"7450","Bewusstsein","n",79452
"25859","Mehrheit","f",79330
"15454","Gemeinde","f",79089
"7004","Beteiligung","f",78853
"7580","Bibliothek","f",78803
"3725","Auftrag","m",78731
"27058","Mitglied","n",78570
"3057","Arzt","m",78462
"25088","Marketing","n",77829
"11072","Element","n",77689
"450","Abschluss","m",77238
"36026","Ursache","f",76954
"19810","Jugend","f",76608
"3609","Aufnahme","f",75727
"33856","Theologie","f",75645
"1673","Anlage","f",75573
"25508","Material","n",75550
"12383","Erinnerung","f",75350
"22800","Konflikt","m",74618
"27717","Motivation","f",74605
"8438","Dienst","m",74524
"8075","Computer","m",74095
"14346","Fenster","n",74065
"4170","Ausland","n",73928
"4261","Ausnahme","f",73878
"7473","Bezeichnung","f",73821
"2429","Arbeitgeber","m",73313
"4046","Ausgabe","f",73279
"71","Abend","m",73181
"1388","Änderung","f",73121
"6562","Beruf","m",72863
"27208","Mittelpunkt","m",72818
"3558","Aufklärung","f",72286
"37682","Zustimmung","f",72262
"15880","Gericht","n",72188
"34218","Tür","f",72144
"23943","Krankheit","f",71752
"25358","Maß","n",71301
"25359","Maß","f",71301
"10521","Einrichtung","f",71215
"13031","Ethik","f",71083
"19850","Jugendliche","f",71052
"34740","Umfeld","n",70948
"29998","Schrift","f",70745
"7028","Betracht","m",70590
"6713","Beschäftigung","f",70170
"24981","Maria","f",70103
"34755","Umgebung","f",69815
"37814","Zweifel","m",69770
"11913","Entwurf","m",69712
"16575","Gestalt","f",69630
"20911","Kategorie","f",69538
"8551","Differenz","f",69271
"13698","Faktor","m",69122
"9874","Effekt","m",68490
"11501","Engagement","n",68489
"24400","Krise","f",67999
"627","Abteilung","f",67812
"15871","Gerechtigkeit","f",66854
"21158","Kenntnis","f",66705
"24659","Mail","f",66320
"37023","Zimmer","n",66258
"25018","Marke","f",66125
"23309","Konzeption","f",66075
"34307","Typ","m",66002
"28089","Muster","n",65979
"37521","Zürich","n",65971
"10417","Einkommen","n",65917
"202","Abgrenzung","f",65810
"37565","Zusammenfassung","f",65695
"27374","Moderne","f",65277
"19157","Instrument","n",65245
"16323","Geschlecht","n",65177
"2118","Antworten","n",65080
"19702","Italien","n",65039
"24113","Kreis","m",64839
"23036","Konstruktion","f",64293
"6902","Bestandteil","m",64037
"10558","Einschätzung","f",63758
"16870","Gewinn","m",63677
"21196","Kern","m",63667
"2084","Antrag","m",63640
"8563","Differenzierung","f",63601
"12989","Essen","n",63460
"1188","Amt","n",63415
"15275","Gebrauch","m",63393
"29520","Schluss","m",63388
"28769","Nation","f",62718
"37791","Zwecke","f",62680
"1884","Anschluss","m",62623
"37397","Zugriff","m",62586
"269","Ablauf","m",62373
"3805","Auge","n",62371
"22465","Kombination","f",62312
"8743","Diskurs","m",62289
"27699","Moskau","n",62045
"6423","Berechnung","f",61937
"14418","Fernsehen","n",61754
"4602","Auswertung","f",61232
"22770","Konferenz","f",60813
"12665","Erscheinung","f",60732
"12301","Erfüllung","f",60650
"1358","Anbieter","m",60615
"8353","Dialog","m",60610
"18586","Individuum","n",60143
"1407","Andreas","m",60109
"1806","Anpassung","f",60081
"9913","Ehe","f",60056
"19257","Interaktion","f",59939
"5710","Bedarf","m",59924
"27641","Morgen","m",59574
"27642","Morgen","n",59574
"4626","Auto","n",59226
"8925","Dokument","n",59210
"4257","Ausmaß","n",58883
"33259","Teilen","n",58843
"33485","Tendenz","f",58754
"25014","Mark","n",58644
"25015","Mark","f",58644
"7198","Bett","n",58517
"25763","Medizin","f",58408
"31806","Sicherung","f",58315
"28832","NATO","f",58115
"19687","Israel","n",58107
"34589","Übertragung","f",58042
"12810","Erweiterung","f",57939
"22684","Komplexität","f",57855
"20540","Kapitalismus","m",57460
"34553","Übersetzung","f",57372
"28307","Nachfrage","f",56635
"34419","Übergang","m",56603
"33781","Theater","n",56310
"12204","Ereignis","n",56306
"6360","Beobachtung","f",56285
"22928","Konkurrenz","f",56149
"32186","Sitzung","f",55421
"14027","Fassung","f",55258
"12519","Ermittlung","f",54960
"26823","Minister","m",54840
"15306","Geburt","f",54778
"3771","Aufwand","m",54669
"2851","Argument","n",54652
"961","Alternative","f",54646
"2820","Archiv","n",54549
"32627","Szene","f",54149
"14490","Führer","m",54140
"4696","Autonomie","f",54098
"27903","Münster","m",54041
"27904","Münster","n",54041
"519","Absicht","f",54017
"24801","Manager","m",53956
"3811","Augenblick","m",53741
"4296","Ausrichtung","f",53531
"6979","Besuch","m",53528
"12369","Erhöhung","f",53307
"12370","Erhöhung","m",53307
"25762","Medium","n",53173
"33287","Teilnahme","f",53165
"16848","Gewicht","n",52644
"8930","Dokumentation","f",52572
"33146","Team","n",52466
"5265","Basel","n",52395
"17743","Haut","f",52341
"18438","Imperialismus","m",52224
"22509","Kommentar","m",52092
"9332","Dresden","n",51983
"34513","Überprüfung","f",51841
"34501","Übernahme","f",51734
"33599","Test","m",51658
"15212","Gebäude","n",51651
"9747","Düsseldorf","n",51465
"10110","Eigenschaft","f",51433
"19740","Josef","m",51228
"29100","Schicksal","n",51126
"2914","Armee","f",50992
"8810","Distanz","f",50725
"29736","Schneider","m",50701
"4073","Ausgangspunkt","m",50560
"20273","Kammer","f",50537
"19141","Institution","f",50507
"5846","Befragung","f",50376
"5764","Bedingung","f",50314
"8402","Dichter","m",50307
"4228","Auslegung","f",50270
"3593","Auflösung","f",50227
"1872","Anschauung","f",50225
"24440","Kriterium","n",50209
"35623","Unternehmer","m",50038
"28817","Nationalsozialismus","m",49973
"1108","Amerika","n",49756
"30698","Schwerpunkt","m",49639
"27867","Mund","m",49607
"13919","Farbe","f",49501
"33441","Temperatur","f",49462
"4521","Austausch","m",49373
"30711","Schwester","f",49373
"5807","Befehl","m",49353
"30134","Schuld","f",49181
"11827","Entwickelung","f",48881
"5356","Bau","m",48860
"19641","Islam","m",48836
"1724","Anlehnung","f",48705
"6552","Bern","n",48679
"20970","Kauf","m",48674
"560","Abstand","m",48670
"27466","Monat","m",48526
"25367","Masse","f",48316
"6449","Bereitschaft","f",48303
"31012","Sein","n",48271
"6841","Besitz","m",48134
"21506","Kindheit","f",48099
"26112","Menschheit","f",47991
"5659","Bearbeitung","f",47912
"34236","Türkei","f",47909
"3727","Auftraggeber","m",47706
"9353","Drittel","n",47688
"19742","Joseph","m",47626
"12715","Erstellung","f",47586
"18287","Ideologie","f",47555
"32166","Sitz","m",47505
"24841","Mangel","f",47387
"24842","Mangel","m",47387
"33702","Texten","n",47370
"23295","Konzentration","f",47247
"289","Ablehnung","f",47209
"2852","Argumentation","f",47090
"35004","Unabhängigkeit","f",46886
"27602","Moral","f",46875
"26268","Messung","f",46730
"34649","Übung","f",46465
"2900","Arm","m",46248
"12245","Erfassung","f",46168
"2951","Armut","f",46117
"12883","Erzählung","f",46099
"14926","Gang","f",46084
"14927","Gang","m",46084
"35162","Ungarn","n",46077
"244","Abkommen","n",45927
"18912","Initiative","f",45858
"34640","Überzeugung","f",45845
"36934","Zielen","n",45662
"16495","Gesetzgeber","m",45604
"25466","Maßnahme","f",45522
"33186","Technologie","f",45450
"5625","Bayern","n",45266
"24519","Luther","m",45239
"2602","Arbeitslosigkeit","f",45110
"10589","Einsicht","f",44948
"1708","Anlass","m",44909
"23901","Krankenhaus","n",44829
"9755","Dynamik","f",44819
"4028","Ausführung","f",44817
"22984","Konsequenz","f",44803
"8948","Dollar","m",44706
"6199","Belastung","f",44516
"19036","Innovation","f",44493
"2810","Architektur","f",44427
"2396","Arbeiterbewegung","f",44290
"7049","Betreuung","f",44177
"4416","Außenpolitik","f",44170
"15372","Gedanke","m",43667
"18256","Identifikation","f",43652
"18213","Ich","n",43557
"6319","Benutzer","m",43460
"1501","Angabe","f",43426
"18188","Hypothese","f",43325
"35363","Unsicherheit","f",43317
"15355","Gedächtnis","n",43232
"22698","Komponente","f",42840
"26160","Merkmal","n",42698
"451","Abschluß","m",42626
"28226","Mythos","m",42182
"25284","Marxismus","m",42181
"29521","Schluß","m",42167
"8137","Controlling","n",42162
"4097","Ausgestaltung","f",42135
"1757","Anna","f",41995
"13434","Exzellenz","f",41910
"24501","Lust","f",41895
"9890","Effizienz","f",41592
"34343","U","f",41585
"32438","Symbol","n",41558
"12361","Erhebung","f",41341
"27946","Museum","n",41313
"33348","Telefon","n",41207
"16162","Geschäft","n",41112
"37356","Zug","m",41091
"37357","Zug","n",41091
"36034","Ursprung","m",41028
"1734","Anliegen","n",41006
"7372","Beweis","m",40917
"5777","Bedürfnis","n",40898
"29634","Schmerz","m",40895
"27144","Mittelalter","n",40883
"18525","Index","m",40644
"8334","Diagnose","f",40635
"13147","Evaluation","f",40528
"8349","Dialektik","f",40482
"5633","Beachtung","f",40402
"37512","Zuordnung","f",40372
"12458","Erkrankung","f",40292
"6528","Berichterstattung","f",40280
"34561","Übersicht","f",40265
"14083","Fazit","n",40249
"7913","C","n",40246
"4492","Ausstellung","f",40181
"36976","Zielsetzung","f",39963
"1798","Anordnung","f",39906
"18547","Indien","n",39722
"4723","Autorität","f",39633
"31601","Server","m",39468
"2608","Arbeitsmarkt","m",39443
"30032","Schriftsteller","m",39420
"28402","Nachricht","f",39379
"7647","Bilanz","f",39337
"31844","Sichtweise","f",39336
"37639","Zuschauer","m",39255
"34298","TV","n",39202
"34897","Umstand","m",39099
"27716","Motiv","n",39066
"7035","Betrag","m",38887
"16421","Gesellschafter","m",38879
"12813","Erwerb","m",38872
"6382","Berater","m",38708
"2655","Arbeitsplatz","m",38681
"14762","Fuß","m",38419
"9712","Durchsetzung","f",38356
"3958","Ausdehnung","f",38174
"23382","Koordination","f",38100
"6774","Beschluss","m",38028
"6554","Bernhard","m",37997
"26351","Meter","m",37993
"2913","Arme","f",37950
"8006","Code","m",37924
"6885","Bestand","m",37880
"34394","Übereinstimmung","f",37804
"6033","Behörde","f",37794
"11587","Entfernung","f",37620
"10122","Eigentum","n",37576
"33021","Täter","m",37573
"29534","Schlüssel","m",37345
"25545","Mathematik","f",37134
"14000","Faschismus","m",36904
"20722","Karte","f",36816
"9678","Durchschnitt","m",36815
"10192","Einbeziehung","f",36625
"35639","Unternehmung","f",36600
"25298","Maschine","f",36514
"28511","Nachweis","m",36345
"25785","Meer","n",36289
"25786","Meer","m",36289
"15431","Geltung","f",36234
"17129","Gut","n",36227
"5882","Begegnung","f",36176
"17942","Hund","m",36078
"13715","Fakultät","f",35998
"31128","Selbst","n",35960
"4860","Bad","n",35870
"3878","Ausbau","m",35783
"6031","Behinderung","f",35701
"34833","Umsatz","m",35669
"18861","Infrastruktur","f",35613
"18452","Implementierung","f",35491
"15617","General","m",35409
"10742","Einzelfall","m",35247
"8409","Dichtung","f",35008
"4562","Ausübung","f",34965
"26479","Migration","f",34939
"7440","Bewohner","m",34893
"36464","Zeile","f",34808
"36480","Zeitalter","n",34731
"37377","Zugehörigkeit","f",34680
"30596","Schweden","n",34635
"16266","Geschehen","n",34599
"14995","Garten","m",34549
"2886","Aristoteles","m",34514
"19242","Intensität","f",34448
"30818","See","m",34418
"30819","See","f",34418
"18352","Image","n",34315
"23944","Krankheiten","f",34262
"8337","Diagnostik","f",34253
"16194","Geschäftsführer","m",34247
"9115","Dorf","n",34095
"1582","Angriff","m",34062
"21998","Klinik","f",34025
"21853","Kleidung","f",33986
"37139","Zitat","n",33859
"32782","Tagung","f",33809
"10573","Einschränkung","f",33808
"5851","Befreiung","f",33715
"36946","Zielgruppe","f",33643
"16496","Gesetzgebung","f",33630
"10343","Einhaltung","f",33625
"6775","Beschluß","m",33497
"3760","Auftreten","n",33299
"8686","Direktor","m",33233
"5770","Bedrohung","f",33162
"37478","Zunahme","f",33098
"8830","Disziplin","f",33093
"28111","Mut","f",32995
"28112","Mut","m",32995
"17828","Hotel","n",32884
"5419","Bauer","n",32865
"5420","Bauer","m",32865
"12035","Epoche","f",32836
"37596","Zusammensetzung","f",32835
"34616","Überwachung","f",32799
"3296","Atmosphäre","f",32786
"577","Abstimmung","f",32747
"19225","Intelligenz","f",32747
"25937","Meister","m",32724
"15340","Geburtstag","m",32685
"29031","Schema","n",32636
"20706","Karriere","f",32556
"20978","Käufer","m",32495
"12629","Errichtung","f",32384
"25542","Materie","f",32370
"11227","Empfänger","m",32340
"5724","Bedenken","n",32309
"31673","Sexualität","f",32234
"15606","Genehmigung","f",32202
"37349","Zufriedenheit","f",32126
"22611","Kommunismus","m",32121
"6981","Besucher","m",31975
"19131","Instanz","f",31865
"16393","Geschwindigkeit","f",31774
"23166","Kontinuität","f",31739
"10671","Eintritt","m",31735
"19066","Insel","f",31723
"12538","Ernährung","f",31676
"17635","Haushalt","m",31665
"24986","Marie","f",31641
"1948","Anstieg","m",31473
"29848","Schönheit","f",31444
"17130","Gutachten","n",31437
"19904","Junge","m",31436
"4893","Bahn","f",31408
"4280","Ausprägung","f",31407
"27376","Modernisierung","f",31359
"19402","Intervention","f",31357
"26948","Mission","f",31328
"16032","Gesamtheit","f",31211
"11107","Elisabeth","f",31157
"17791","Horst","m",31004
"32012","Simon","m",30976
"20246","Kamera","f",30916
"3651","Aufsatz","m",30907
"31896","Sieg","m",30857
"6694","Beschaffenheit","f",30716
"34330","Typus","m",30701
"13469","Fach","n",30700
"31104","Sektor","m",30636
"16786","Gewebe","n",30625
"10715","Einwirkung","f",30619
"31376","Selbstverständnis","n",30587
"7309","Bewältigung","f",30577
"1109","Amerikaner","m",30554
"35199","Ungleichheit","f",30460
"34137","Tschechoslowakei","f",30377
"33826","Thematik","f",30207
"4171","Ausländer","m",30199
"4363","Ausschuß","m",30180
"25576","Matthias","m",30165
"4152","Auskunft","f",30130
"22223","Koch","n",30123
"22224","Koch","m",30123
"7557","Bibel","f",30109
"10718","Einwohner","m",30065
"3170","Ästhetik","f",30064
"10298","Eingang","m",30060
"4101","Ausgleich","m",30050
"14560","Fülle","f",30027
"6457","Berg","m",29981
"22850","Kongreß","m",29966
"8541","Dietrich","m",29935
"12312","Ergänzung","f",29882
"22183","Knoten","m",29854
"1934","Anstalt","f",29816
"5506","Baum","m",29737
"37663","Zuständigkeit","f",29705
"6656","Berufung","f",29696
"23683","Kosovo","n",29695
"20039","Kaffee","m",29675
"2767","Arbeitszeit","f",29601
"22976","Konsens","m",29526
"26839","Ministerium","n",29332
"28731","Nase","f",29202
"25475","Maßstab","m",29172
"36238","Zahlung","f",29132
"10197","Einbindung","f",29127
"28300","Nachfolger","m",29095
"12477","Erleben","n",29018
"29079","Schicht","f",28979
"6011","Behauptung","f",28975
"16524","Gesichtspunkt","m",28834
"10494","Einordnung","f",28696
"3546","Aufhebung","f",28580
"31478","Sender","m",28562
"22971","Konrad","m",28555
"3708","Aufstieg","m",28524
"24017","Kreativität","f",28481
"17327","Häufigkeit","f",28469
"2188","Anzeige","f",28448
"27791","Mühe","f",28440
"5791","Beendigung","f",28177
"21123","Keller","m",28156
"9959","Ehre","f",28045
"4410","Außenminister","m",28008
"22277","Kohl","m",27980
"23056","Konsum","m",27979
"28462","Nachteil","m",27964
"6697","Beschaffung","f",27921
"32198","Skala","f",27911
"12352","Erhaltung","f",27872
"4487","Ausstattung","f",27866
"8798","Dissertation","f",27841
"6787","Beschränkung","f",27805
"29165","Schiff","n",27780
"37724","Zwang","m",27766
"6355","Beobachter","m",27666
"36656","Zelle","f",27607
"6904","Bestätigung","f",27592
"1759","Annäherung","f",27552
"9827","Ecke","f",27507
"11256","Empfindung","f",27504
"2143","Anweisung","f",27500
"8470","Dienstleistung","f",27451
"27136","Mitteilung","f",27448
"15412","Gedicht","n",27375
"27400","Modus","m",27318
"2081","Anton","m",27293
"35982","Urlaub","m",27286
"13657","Fahrt","f",27235
"14072","Fax","n",27226
"10123","Eigentümer","m",27184
"24673","Mainz","n",27161
"2022","Antike","f",27101
"2062","Antisemitismus","m",27078
"17083","Gültigkeit","f",27060
"29018","Scheitern","n",27010
"1605","Anhänger","m",26992
"33384","Telegramm","n",26986
"37250","Zone","f",26892
"6453","Bereitstellung","f",26767
"22201","Koalition","f",26760
"25227","Marktwirtschaft","f",26706
"27067","Mitgliedschaft","f",26651
"37330","Zufall","m",26638
"12072","Erbe","n",26585
"12073","Erbe","m",26585
"11789","Entspannung","f",26474
"12296","Erforschung","f",26424
"14130","Fehlen","n",26276
"12795","Erwartung","f",26217
"21857","Klein","n",26209
"27314","Mobilität","f",26198
"1527","Angehörige","f",26171
"19739","Jörg","m",26081
"24903","Mannheim","n",26081
"36856","Zerstörung","f",26070
"30553","Schwarz","n",26066
"26327","Metaphysik","f",26042
"4599","Ausweitung","f",26032
"26712","Minderheit","f",26001
"11504","Engel","m",25993
"25526","Materialismus","m",25920
"5638","Beamte","f",25893
"1535","Angelegenheit","f",25880
"4467","Aussicht","f",25822
"13180","Evolution","f",25771
"28334","Nachhaltigkeit","f",25737
"8592","Diktatur","f",25670
"25232","Markus","m",25620
"7396","Bewerber","m",25619
"11513","Englisch","n",25541
"28600","Nahrung","f",25481
"10414","Einklang","m",25349
"4060","Ausgang","m",25270
"1990","Anthropologie","f",25265
"7026","Betonung","f",25192
"25584","Mauer","f",25184
"31175","Selbstbestimmung","f",25134
"11583","Entfaltung","f",25119
"17514","Hauptstadt","f",25092
"21738","Klärung","f",25050
"3455","Aufenthalt","m",25018
"35471","Unterhaltung","f",24998
"29289","Schlaf","m",24960
"4344","Ausschluss","m",24955
"33524","Termin","m",24922
"14703","Furcht","f",24902
"6941","Besteuerung","f",24889
"35561","Unternehmensführung","f",24806
"31562","Serbien","n",24804
"807","Achtung","f",24800
"34632","Überwindung","f",24795
"21681","Klage","f",24790
"24446","Kritiker","m",24756
"27278","Mitwirkung","f",24749
"5870","Befund","m",24722
"23034","Konstrukt","n",24673
"6830","Besetzung","f",24623
"14059","Faust","f",24587
"26552","Milch","f",24560
"713","Abweichung","f",24544
"4718","Autorin","f",24538
"21964","Klima","n",24535
"19962","Justiz","f",24517
"18226","Ideal","n",24515
"18","Abbau","m",24478
"4463","Äußerung","f",24347
"33582","Terrorismus","m",24305
"24185","Kreuz","n",24284
"1186","Amsterdam","m",24254
"1187","Amsterdam","n",24254
"3646","Aufruf","m",24206
"5383","Bauch","m",24099
"30312","Schulter","f",24085
"25897","Mehrzahl","f",24051
"14214","Feind","m",24035
"16915","Gewissen","n",24033
"32693","Tafel","f",24020
"6863","Besonderheit","f",24006
"14766","Fußball","m",23983
"13303","Experiment","n",23862
"26997","Mitarbeit","f",23831
"12868","Erzähler","m",23791
"33600","Testament","n",23758
"11562","Entdeckung","f",23732
"19889","Jugoslawien","n",23723
"21529","Kino","n",23718
"31447","Seminar","n",23703
"12627","Erreichung","f",23679
"34160","Tuberkulose","f",23604
"8741","Diskriminierung","f",23585
"5918","Begleitung","f",23563
"29790","Schnittstelle","f",23464
"26321","Metapher","f",23443
"10381","Einigung","f",23383
"12633","Ersatz","m",23345
"36092","Uterus","m",23291
"30725","Schwierigkeit","f",23271
"10658","Einteilung","f",23168
"13144","Eva","f",23166
"6873","Besprechung","f",23127
"1752","Anmerkung","f",23126
"19489","Investition","f",23126
"3936","Ausblick","m",23079
"3937","Ausblick","f",23079
"3723","Aufteilung","f",22975
"845","Adam","m",22965
"10338","Eingriff","m",22941
"19187","Inszenierung","f",22930
"4980","Ball","m",22929
"14730","Fürst","m",22876
"20878","Katalog","m",22872
"5655","Beantwortung","f",22851
"6132","Beitritt","m",22806
"14110","Feedback","n",22785
"30177","Schuldner","m",22761
"29868","Schöpfung","f",22746
"9880","Effektivität","f",22721
"32024","Simulation","f",22721
"12250","Erfindung","f",22708
"10083","Eigenkapital","n",22707
"28792","Nationalismus","m",22692
"17334","Haupt","n",22685
"3706","Aufstellung","f",22655
"24126","Kreisen","n",22649
"23022","Konstellation","f",22624
"27025","Mitbestimmung","f",22619
"35332","Unrecht","n",22582
"2178","Anwesenheit","f",22530
"33270","Teilhabe","f",22486
"18577","Individualität","f",22461
"5862","Befriedigung","f",22401
"5788","Beeinflussung","f",22374
"34678","Ukraine","f",22374
"2146","Anwender","m",22320
"35981","URL","f",22302
"19752","Journalismus","m",22280
"6823","Beseitigung","f",22278
"27250","Mittelwert","m",22245
"31485","Sendung","f",22225
"11250","Empfehlung","f",22202
"9863","Edition","f",22187
"21728","Klarheit","f",22126
"30497","Schwäche","f",22103
"15253","Gebilde","n",22100
"36893","Zeugnis","n",22039
"30527","Schwangerschaft","f",21985
"2721","Arbeitsteilung","f",21934
"30346","Schulz","m",21907
"211","Abhandlung","f",21883
"19254","Intention","f",21861
"26903","Mischung","f",21841
"31572","Serie","f",21785
"26131","Menü","n",21777
"37597","Zusammenspiel","n",21769
"1721","Anleger","m",21759
"26367","Methodik","f",21759
"21379","Kilometer","m",21733
"23635","Korrelation","f",21728
"13019","Etablierung","f",21701
"3494","Aufforderung","f",21700
"31927","Signal","n",21631
"12479","Erlebnis","n",21610
"6152","Bekämpfung","f",21584
"8982","Dominanz","f",21577
"8617","Ding","n",21549
"692","Abwehr","f",21481
"16828","Gewerkschaft","f",21472
"16562","Gesprächspartner","m",21369
"19124","Installation","f",21368
"518","Absicherung","f",21365
"28388","Nachmittag","m",21294
"31415","Selektion","f",21276
"12777","Erwachsene","f",21259
"17492","Hauptsache","f",21248
"27462","Monarchie","f",21232
"8280","Dach","n",21217
"317","Abnahme","f",21213
"6935","Bestellung","f",21172
"36529","Zeitgeschichte","f",21163
"15594","Gen","n",21155
"24958","Märchen","n",21146
"27335","Mode","f",21111
"25655","Mechanismus","m",21086
"23890","Kranke","f",21082
"16799","Gewerbe","n",21050
"18564","Indikator","m",21029
"10664","Eintrag","m",21025
"433","Abschied","m",21022
"4801","Baby","n",21021
"23936","Krankenversicherung","f",21014
"6072","Bein","n",20996
"36460","Zeichnung","f",20953
"18901","Inhaltsverzeichnis","n",20935
"19841","Jugendhilfe","f",20925
"26445","Mieter","m",20919
"24775","Mama","f",20907
"37455","Zulassung","f",20907
"32499","Syndrom","n",20894
"1900","Ansehen","n",20886
"867","Adel","m",20874
"21002","Kaufmann","m",20873
"6339","Benutzung","f",20864
"26600","Militär","m",20833
"26601","Militär","n",20833
"30612","Schweigen","n",20816
"35579","Unternehmenskultur","f",20805
"11108","Elite","f",20796
"17963","Hunger","m",20791
"6282","Bemerkung","f",20776
"13980","Färbung","f",20744
"30959","Sehnsucht","f",20714
"10202","Einblick","m",20712
"16365","Geschmack","m",20616
"27351","Modellierung","f",20591
"6708","Beschäftigte","f",20563
"23315","Konzern","m",20527
"10161","Eignung","f",20523
"12897","Erzeugung","f",20488
"5891","Begeisterung","f",20374
"32396","Susanne","f",20316
"3230","Atem","m",20294
"5931","Begrenzung","f",20246
"9924","Ehefrau","f",20244
"22789","Konfiguration","f",20231
"13673","Fahrzeug","n",20227
"7619","Bier","n",20188
"12585","Eröffnung","f",20147
"381","Abrüstung","f",20130
"2547","Arbeitsgruppe","f",20128
"15850","Gerät","n",20092
"22834","Konfrontation","f",20004
"776","Achse","f",19952
"23017","Konstanz","f",19952
"23018","Konstanz","n",19952
"24685","Majestät","f",19938
"23170","Konto","n",19840
"17203","Harald","m",19804
"26296","Metall","n",19792
"12566","Erneuerung","f",19789
"16684","Gesundheitswesen","n",19782
"18232","Idealismus","m",19708
"24531","Luxemburg","n",19704
"31464","Senat","m",19665
"6243","Belgien","n",19653
"21697","Kläger","m",19651
"11597","Entfremdung","f",19630
"17890","Hugo","m",19612
"2152","Anwendungsbereich","m",19601
"2305","Apparat","m",19581
"22123","Knochen","m",19564
"14838","Gabe","f",19559
"4959","Balance","f",19505
"722","Abwesenheit","f",19483
"12474","Erläuterung","f",19476
"18574","Individualisierung","f",19421
"2417","Arbeiterschaft","f",19370
"26418","Mexiko","n",19360
"32714","Tagebuch","n",19341
"34748","Umfrage","f",19317
"37558","Zusammenbruch","m",19308
"14471","Fuchs","m",19277
"3888","Ausbeutung","f",19272
"23654","Korruption","f",19262
"12349","Erhalt","m",19206
"293","Ableitung","f",19203
"22103","Knie","n",19193
"3093","Asien","n",19186
"1485","Anforderung","f",19173
"10637","Einstieg","m",19166
"1551","Angestellte","f",19160
"27977","Musiker","m",19154
"26844","Ministerpräsident","m",19114
"21785","Klassifikation","f",19100
"12622","Erregung","f",19056
"23629","Korrektur","f",19019
"15076","Gast","m",18975
"1494","Anfrage","f",18973
"3380","Attraktivität","f",18943
"37164","Zivilisation","f",18933
"20822","Kassel","n",18929
"34482","Überlegung","f",18929
"15273","Gebot","n",18922
"15155","Gattung","f",18868
"10287","Eingabe","f",18850
"10665","Eintragung","f",18849
"18506","Inanspruchnahme","f",18841
"1751","Anmeldung","f",18836
"31692","Seyn","n",18814
"3637","Aufrechterhaltung","f",18812
"8601","Dilemma","n",18812
"19796","Judentum","n",18793
"20391","Kaninchen","n",18755
"4607","Auswirkung","f",18736
"25679","Mediation","f",18734
"10712","Einwilligung","f",18733
"24743","Malerei","f",18730
"7994","Coaching","n",18706
"6670","Berührung","f",18648
"8144","Copyright","n",18623
"3873","Ausarbeitung","f",18616
"29485","Schloss","n",18615
"14955","Ganzes","n",18613
"18883","Inhaber","m",18592
"10448","Einladung","f",18581
"9216","Drama","n",18516
"34199","Tun","n",18508
"1282","Analogie","f",18505
"2568","Arbeitskraft","f",18503
"7577","Bibliographie","f",18489
"1729","Anleitung","f",18456
"28986","Schein","m",18439
"12626","Erreichen","n",18429
"36100","Utopie","f",18421
"26597","Milieu","n",18419
"16196","Geschäftsführung","f",18413
"3674","Aufsicht","f",18378
"31136","Selbständigkeit","f",18337
"28774","Nationalbibliothek","f",18311
"33666","Teufel","m",18247
"1423","Aneignung","f",18204
"24742","Maler","m",18201
"20896","Katastrophe","f",18193
"20300","Kampagne","f",18179
"14579","Fundament","n",18151
"12471","Erlaubnis","f",18141
"27760","Motto","n",18131
"6846","Besitzer","m",18126
"26926","Missbrauch","m",18076
"13193","Ex","f",18053
"13194","Ex","m",18053
"26484","Migrationshintergrund","m",18027
"28281","Nachdruck","m",18023
"34922","Umwandlung","f",18012
"27392","Modul","m",17988
"27393","Modul","n",17988
"18614","Industrialisierung","f",17947
"9661","Durchmesser","m",17943
"1667","Ankunft","f",17942
"37162","Zivilgesellschaft","f",17933
"32887","Tanz","m",17925
"23388","Koordinierung","f",17922
"35438","Untergang","m",17891
"12599","Erörterung","f",17889
"29263","Schlacht","f",17875
"4814","Bach","m",17855
"21166","Kennzeichen","n",17829
"33883","Therapeut","m",17828
"189","Abgeordneter","m",17801
"13233","Exil","n",17785
"6946","Bestimmtheit","f",17781
"4362","Ausschuss","m",17718
"31594","Serum","n",17704
"2187","Anzeichen","n",17696
"25559","Matrix","f",17694
"27735","Motor","m",17667
"28368","Nachkriegszeit","f",17665
"17138","Güte","f",17638
"22849","Kongress","m",17632
"16866","Gewichtung","f",17608
"9866","Eduard","m",17604
"33548","Terminus","m",17584
"13290","Expansion","f",17551
"24253","Kriegsende","n",17517
"18701","Infektion","f",17511
"34980","Umweltschutz","m",17505
"16444","Gesellschaftsordnung","f",17470
"18342","Illusion","f",17463
"7767","Bildschirm","m",17448
"33323","Teilung","f",17437
"18262","Identifizierung","f",17423
"32883","Tante","f",17414
"22029","Kloster","n",17409
"32534","Synthese","f",17408
"30349","Schulze","m",17407
"37206","Zoll","m",17386
"37207","Zoll","f",17386
"24575","Lyrik","f",17340
"6165","Bekenntnis","n",17277
"2843","Ärger","m",17270
"25450","Maßgabe","f",17251
"22858","Königin","f",17241
"17226","Harmonie","f",17222
"23016","Konstantinopel","n",17212
"7029","Betrachter","m",17201
"1344","Anatomie","f",17199
"32810","Taktik","f",17198
"10834","Eisen","n",17185
"20002","Kabinett","m",17173
"20003","Kabinett","n",17173
"21294","Kette","f",17155
"5789","Beeinträchtigung","f",17154
"7987","Cluster","m",17111
"34542","Überschrift","f",17103
"13614","Fahrer","m",17101
"34187","Tumor","m",17050
"4014","Ausfuhr","f",17038
"34485","Überlieferung","f",17022
"23207","Kontrast","m",17009
"1841","Anreiz","m",16988
"6473","Berger","m",16979
"7178","Betriebswirtschaftslehre","f",16974
"31653","Sex","m",16970
"36155","Van","m",16969
"12058","Erarbeitung","f",16968
"20360","Kanada","n",16961
"21423","Kindergarten","m",16953
"12467","Erlass","m",16952
"15029","Gas","n",16952
"28976","Scheidung","f",16914
"14717","Fürsorge","f",16905
"27627","Mord","m",16879
"27628","Mord","n",16879
"6159","Bekanntmachung","f",16869
"13115","Europäer","m",16853
"24939","Manuskript","n",16841
"35419","Unterdrückung","f",16809
"151","Abfolge","f",16807
"11655","Entlassung","f",16794
"163","Abgabe","f",16760
"20367","Kanal","m",16740
"8420","Didaktik","f",16727
"26869","Minute","f",16719
"18724","Inflation","f",16701
"33542","Terminologie","f",16701
"32623","Szenario","n",16696
"6757","Bescheid","m",16658
"19248","Intensivierung","f",16604
"19529","Investment","n",16602
"2371","Ära","f",16591
"6286","Bemühen","n",16588
"420","Abschaffung","f",16560
"20921","Katharina","f",16560
"185","Abgeordnete","f",16547
"19049","Innsbruck","n",16530
"29770","Schnitt","m",16518
"23028","Konstitution","f",16494
"10260","Einflussnahme","f",16484
"8911","Doktor","m",16479
"33574","Terror","m",16477
"10387","Einkauf","m",16472
"11728","Entscheidungsfindung","f",16469
"1836","Anregung","f",16454
"37305","Zucker","m",16453
"24371","Kriminalität","f",16449
"33430","Tempel","m",16449
"1956","Anstrengung","f",16430
"14522","Führungskraft","f",16421
"11709","Entschädigung","f",16416
"22707","Komposition","f",16395
"37028","Zimmermann","m",16395
"23456","Kopie","f",16346
"34009","Thüringen","n",16344
"6434","Berechtigung","f",16334
"9575","Dunkelheit","f",16297
"37608","Zusatz","m",16289
"32967","Tasche","f",16273
"35293","Universum","n",16246
"21342","Kiel","m",16242
"21343","Kiel","n",16242
"18961","Inland","n",16241
"24458","Krone","f",16233
"35122","Unfall","m",16227
"22860","Königreich","n",16206
"29440","Schleswig","n",16201
"28828","Nationalversammlung","f",16182
"12839","Erwerbstätigkeit","f",16143
"7186","Betroffene","f",16129
"11759","Entscheidungsträger","m",16127
"29341","Schlag","m",16104
"34175","Tugend","f",16098
"20208","Kälte","f",16096
"11511","Engländer","m",16084
"8706","Dirk","f",16047
"8707","Dirk","m",16047
"16311","Geschichtswissenschaft","f",16012
"6216","Beleg","m",16010
"1362","Anblick","m",15996
"15892","Gerichtshof","m",15993
"20450","Kanzler","m",15976
"12755","Ertrag","m",15969
"32233","Skepsis","f",15945
"20956","Katze","f",15911
"14971","Garantie","f",15898
"32559","Systematik","f",15893
"37714","Zuwendung","f",15870
"6571","Berufsausbildung","f",15863
"6048","Beifall","m",15847
"7038","Betreff","m",15842
"9938","Ehemann","m",15842
"21167","Kennzeichnung","f",15839
"33015","Tatbestand","m",15831
"19851","Jugendlicher","m",15822
"33476","Tempo","n",15819
"10836","Eisenbahn","f",15802
"4620","Auszug","m",15786
"15419","Geduld","f",15782
"31436","Semantik","f",15772
"33201","Tee","m",15752
"33202","Tee","n",15752
"11163","Emanzipation","f",15738
"37701","Zuverlässigkeit","f",15733
"4768","Axel","m",15715
"25900","Meier","m",15713
"15234","Gebet","n",15707
"31186","Selbstbewusstsein","n",15696
"37498","Zunge","f",15688
"12664","Erscheinen","n",15687
"9152","Dortmund","n",15666
"10054","Eigenart","f",15638
"12679","Erschließung","f",15628
"23615","Korps","n",15625
"35347","Unruhe","f",15610
"724","Abwicklung","f",15607
"34237","Türken","m",15607
"921","Alt","m",15572
"922","Alt","n",15572
"27667","Moritz","m",15566
"29713","Schnee","m",15547
"16533","Gesinnung","f",15528
"9753","DVD","f",15520
"31384","Selbstverwaltung","f",15511
"14388","Ferne","f",15489
"11658","Entlastung","f",15488
"16270","Geschenk","n",15484
"10273","Einfuhr","f",15448
"25986","Meldung","f",15424
"6880","Besserung","f",15395
"31549","Sequenz","f",15356
"37598","Zusammenstellung","f",15335
"12779","Erwachsenenbildung","f",15311
"29976","Schreibtisch","m",15311
"26631","Militarismus","m",15292
"8469","Dienstleister","m",15245
"3498","Aufführung","f",15203
"13343","Export","n",15177
"13344","Export","m",15177
"24526","Lutz","m",15162
"19619","Irrtum","m",15137
"7494","Bezirk","m",15116
"22254","Koexistenz","f",15106
"19140","Institute","n",15089
"37273","Zorn","m",15088
"2675","Arbeitsproduktivität","f",15076
"13083","Eugen","m",15063
"6802","Beschwerde","f",15030
"19328","Internationalisierung","f",15022
"35875","Unzufriedenheit","f",15018
"37423","Zuhörer","m",14984
"16404","Geschwister","n",14982
"17588","Hausarbeit","f",14974
"17303","Hass","m",14953
"20466","Kapazität","f",14952
"25606","Maus","f",14945
"12936","Erziehungswissenschaft","f",14944
"10822","Eis","n",14919
"30003","Schriftenreihe","f",14913
"4903","Bahnhof","m",14896
"34469","Überleben","n",14875
"14761","Fuss","m",14861
"16303","Geschichtsschreibung","f",14848
"16735","Gewährung","f",14840
"32995","Taste","f",14833
"14650","Funktionalität","f",14802
"3685","Aufsichtsrat","m",14797
"5038","Bandbreite","f",14781
"34661","Ufer","n",14763
"15446","Gemälde","n",14738
"37003","Ziffer","f",14711
"29214","Schilderung","f",14707
"15715","Genf","n",14701
"8340","Diagramm","n",14697
"31124","Sekunde","f",14666
"24040","Kredit","m",14640
"7985","Club","m",14639
"7518","Bezugnahme","f",14625
"11769","Entschließung","f",14624
"6969","Bestreben","n",14623
"27486","Mond","m",14623
"32471","Symptomatik","f",14601
"33573","Territorium","n",14597
"13448","Fabrik","f",14592
"30934","Segment","n",14585
"8783","Disposition","f",14564
"31100","Sektion","f",14563
"18489","Impuls","m",14545
"736","Abzug","m",14524
"37604","Zusammenwirken","n",14523
"4253","Auslöser","m",14500
"37581","Zusammenleben","n",14488
"3947","Ausbruch","m",14484
"3948","Ausbruch","f",14484
"24136","Kreislauf","m",14480
"4373","Aussehen","n",14474
"26110","Menschenwürde","f",14461
"15943","Germanistik","f",14449
"26209","Messe","f",14441
"28927","Naturwissenschaft","f",14411
"17905","Hülfe","f",14402
"32753","Tagesordnung","f",14400
"6921","Bestehen","n",14397
"8866","Division","f",14396
"4355","Ausschnitt","m",14395
"34901","Umstellung","f",14394
"30328","Schulung","f",14389
"3384","Attribut","n",14385
"10816","Einzug","m",14383
"36743","Zentrale","f",14373
"11606","Entgelt","n",14357
"23644","Korrespondenz","f",14350
"28952","Nazi","m",14342
"7654","Bilanzierung","f",14326
"17933","Humor","m",14324
"12790","Erwähnung","f",14323
"26980","Misstrauen","n",14304
"7032","Betrachtungsweise","f",14294
"13502","Fächer","m",14279
"11797","Entstehen","n",14263
"4545","Australien","n",14251
"22304","Köhler","m",14248
"16726","Gewährleistung","f",14234
"2535","Arbeitsgemeinschaft","f",14215
"3415","Aufarbeitung","f",14195
"6238","Beleuchtung","f",14191
"12468","Erlaß","m",14189
"27558","Montag","m",14133
"21708","Klang","m",14131
"17213","Hardware","f",14082
"23268","Konvention","f",14074
"24020","Krebs","m",14073
"1917","Ansprache","f",14035
"19217","Integrität","f",14019
"28078","Muskulatur","f",14015
"7135","Betriebsrat","m",14014
"13191","Ewigkeit","f",13998
"21763","Klassenkampf","m",13989
"19142","Institutionalisierung","f",13986
"32355","Supervision","f",13973
"35709","Unterschrift","f",13960
"1879","Anschein","m",13948
"4117","Ausgrenzung","f",13941
"6888","Bestandsaufnahme","f",13924
"23004","Konsolidierung","f",13923
"6293","Benachteiligung","f",13905
"11226","Empfang","m",13898
"34480","Überlegenheit","f",13894
"102","Abenteuer","n",13891
"6995","Betätigung","f",13881
"35973","Urkunde","f",13881
"8614","DIN","n",13880
"9870","Edward","m",13851
"19534","Investor","m",13851
"33083","Taufe","f",13845
"15596","Genauigkeit","f",13833
"9354","Dritter","m",13832
"379","Abruf","m",13799
"3523","Aufgabenstellung","f",13774
"11813","Enttäuschung","f",13761
"27509","Monika","f",13726
"23336","Konzert","n",13724
"29951","Schreiber","m",13715
"16653","Gesundheitsförderung","f",13703
"28224","Mythologie","f",13692
"5157","Bar","f",13691
"5158","Bar","n",13691
"11187","Emigration","f",13681
"8656","Diplomarbeit","f",13672
"15578","Gemüse","n",13665
"153","Abfrage","f",13661
"31787","Sicherheitspolitik","f",13660
"15706","Genese","f",13654
"31805","Sicherstellung","f",13654
"9008","Don","m",13653
"19895","Julia","f",13652
"31089","Sekretär","m",13646
"16906","Gewinnung","f",13612
"29428","Schleimhaut","f",13596
"10695","Einwand","m",13579
"15799","Geographie","f",13555
"25158","Marktforschung","f",13522
"32141","Sitten","n",13516
"22362","Kollege","m",13489
"22962","Können","n",13488
"15667","Generalsekretär","m",13443
"37097","Zinssatz","m",13408
"12489","Erleichterung","f",13401
"4624","Authentizität","f",13398
"22681","Komplex","m",13394
"19780","Jude","m",13375
"22553","Kommune","f",13365
"2145","Anwendbarkeit","f",13355
"1086","Ambivalenz","f",13348
"22492","Kommando","n",13346
"22493","Kommando","m",13346
"19585","Ironie","f",13344
"26686","Million","f",13339
"31500","Senkung","f",13336
"30656","Schwelle","f",13330
"7470","Bezahlung","f",13329
"16927","Gewissheit","f",13327
"18560","Indikation","f",13321
"35205","Unglück","n",13320
"4275","Ausnutzung","f",13319
"28258","Nachbarschaft","f",13305
"10525","Einsamkeit","f",13258
"30401","Schütz","m",13255
"30402","Schütz","n",13255
"37993","Zyklus","m",13251
"16466","Gesetzentwurf","m",13244
"36936","Zielerreichung","f",13234
"18202","Hysterie","f",13227
"36145","Validität","f",13205
"29575","Schlussfolgerung","f",13201
"25344","Maske","f",13189
"29817","Schock","m",13187
"29818","Schock","n",13187
"3298","Atmung","f",13162
"35412","Unterbringung","f",13154
"20533","Kapitalgesellschaft","f",13128
"2131","Anwalt","m",13114
"24633","Mahler","m",13114
"27072","Mitgliedstaat","m",13104
"794","Acht","f",13073
"28295","Nachfolge","f",13054
"19583","Irland","n",13050
"6245","Belgrad","n",13043
"27118","Mittag","m",13040
"18950","Inkrafttreten","n",13034
"7635","Bieter","m",13022
"19814","Jugendarbeit","f",13010
"34849","Umsatzsteuer","f",13005
"3669","Aufschwung","m",13004
"19753","Journalist","m",13001
"32804","Takt","m",12990
"2760","Arbeitswelt","f",12985
"18587","Indiz","n",12977
"3698","Aufstand","m",12965
"32609","Systemtheorie","f",12960
"16928","Gewißheit","f",12953
"26654","Militärregierung","f",12951
"34416","Übergabe","f",12948
"32459","Sympathie","f",12924
"350","Abraham","m",12898
"31329","Selbstständigkeit","f",12890
"16611","Gestapo","f",12867
"8399","Dichte","f",12862
"34516","Überraschung","f",12855
"7965","Client","m",12851
"19056","Input","m",12849
"356","Abrechnung","f",12843
"2306","Apparate","f",12833
"24480","Krüger","m",12833
"15785","Genuss","m",12831
"22921","Konkretisierung","f",12828
"32529","Syntax","f",12826
"37453","Zulässigkeit","f",12826
"6295","Benchmarking","n",12818
"14092","Feder","f",12812
"3765","Auftritt","m",12808
"19663","Isolation","f",12808
"22278","Kohle","f",12805
"1531","Angeklagte","f",12799
"4482","Aussprache","f",12791
"2759","Arbeitsweise","f",12788
"20639","Kardinal","m",12786
"13761","Fallstudie","f",12783
"5690","Becken","n",12768
"6916","Beste","f",12760
"12309","Erfurt","n",12755
"1920","Ansprechpartner","m",12750
"14196","Feier","f",12745
"24912","Mannschaft","f",12742
"3833","Augenmerk","n",12738
"3871","Aus","n",12738
"10487","Einnahme","f",12708
"20821","Kasse","f",12708
"15602","Gender","n",12694
"20944","Katholizismus","m",12692
"35950","Urheber","m",12688
"4582","Auswanderung","f",12676
"37537","Zurückhaltung","f",12642
"20551","Kapitalmarkt","m",12632
"3729","Auftragnehmer","m",12614
"13273","Exkurs","m",12605
"12901","Erzherzog","m",12604
"21958","Klient","m",12600
"8324","Danzig","n",12577
"6773","Beschleunigung","f",12574
"2744","Arbeitsverhältnis","n",12565
"3940","Ausbreitung","f",12542
"26821","Minimum","n",12537
"35315","Unmöglichkeit","f",12531
"34764","Umgestaltung","f",12525
"16615","Geste","f",12513
"21801","Klausel","f",12503
"12025","Epithel","n",12484
"26847","Ministerrat","m",12461
"23483","Koran","m",12449
"13022","Etappe","f",12439
"238","Abkehr","f",12431
"12787","Erwägung","f",12419
"18917","Injektion","f",12419
"22728","Kompromiss","m",12403
"26443","Miete","f",12390
"17918","Humanismus","m",12383
"12753","Erteilung","f",12341
"8736","Diskrepanz","f",12337
"7959","Clemens","m",12312
"27828","Multi","m",12310
"29863","Schöpfer","m",12288
"28369","Nachlass","m",12265
"4359","Ausschreibung","f",12253
"11101","Elias","m",12252
"13162","Evangelium","n",12250
"9430","Drucker","m",12247
"21031","Kausalität","f",12231
"14693","Funktionsweise","f",12228
"21789","Klassifizierung","f",12226
"233","Abitur","n",12224
"29937","Schrecken","m",12215
"2331","Applikation","f",12211
"4590","Ausweg","m",12199
"32152","Sittlichkeit","f",12185
"19905","Jünger","m",12177
"12982","Essay","n",12175
"31942","Signatur","f",12169
"17013","Gipfel","m",12137
"37713","Zuweisung","f",12136
"24905","Mannigfaltigkeit","f",12115
"32140","Sitte","f",12084
"33250","Teilchen","n",12083
"12906","Erzieher","m",12081
"26981","Mißtrauen","n",12070
"29486","Schloß","n",12070
"15960","Geruch","m",12061
"5969","Begutachtung","f",12059
"18688","Infanterie","f",12058
"11086","Elend","n",12052
"7042","Betreiber","m",12047
"11936","Entzündung","f",12039
"10334","Eingliederung","f",12027
"12583","Eroberung","f",12020
"29913","Schranken","m",12016
"12500","Erlösung","f",11989
"21694","Klagen","n",11987
"8922","Doktrin","f",11973
"13726","Fallbeispiel","n",11971
"9600","Dur","n",11960
"32542","Syphilis","f",11943
"15807","Geometrie","f",11915
"15747","Genosse","m",11900
"20855","Kasten","m",11879
"14757","Fusion","f",11873
"10195","Einbildungskraft","f",11869
"32316","Slowakei","f",11835
"3445","Aufbruch","m",11831
"17235","Harn","m",11828
"28037","Muskel","m",11828
"20067","Kai","m",11811
"21791","Klassiker","m",11811
"26217","Messer","m",11806
"26218","Messer","n",11806
"3265","Athen","n",11783
"663","Abwägung","f",11782
"595","Abstraktion","f",11780
"25631","Maximum","n",11770
"24909","Männlichkeit","f",11758
"20079","Kaiserin","f",11752
"11543","Enquete","f",11750
"13212","Exekutive","f",11741
"17304","Haß","m",11726
"10007","Ei","n",11714
"12563","Ernennung","f",11706
"12887","Erzbischof","m",11700
"37590","Zusammenschluss","m",11695
"23682","Kosmos","m",11691
"15860","Geräusch","n",11683
"6463","Bergbau","m",11679
"13167","Event","m",11679
"12816","Erwerbsarbeit","f",11668
"5687","Becher","m",11660
"33827","Thematisierung","f",11660
"26053","Menschenbild","n",11657
"28164","Muttersprache","f",11645
"6305","Benennung","f",11624
"32255","Skizze","f",11621
"2683","Arbeitsrecht","n",11612
"12013","Episode","f",11606
"12498","Erlöser","m",11597
"21209","Kernenergie","f",11579
"23356","Konzil","n",11579
"11220","Emotion","f",11574
"8434","Diener","m",11573
"27313","Mobilisierung","f",11554
"36721","Zensur","f",11539
"24870","Manipulation","f",11536
"31441","Semester","n",11529
"12666","Erscheinungsbild","n",11525
"6341","Benz","m",11514
"47","Abbruch","m",11509
"18057","Hygiene","f",11506
"3789","Aufwertung","f",11503
"23301","Konzentrationslager","n",11500
"27224","Mittelstand","m",11495
"3961","Ausdifferenzierung","f",11468
"3660","Aufschluss","m",11453
"4441","Außenwelt","f",11422
"37708","Zuwanderung","f",11418
"31903","Sieger","m",11417
"6965","Bestrafung","f",11415
"14872","Galerie","f",11413
"19455","Intuition","f",11404
"6472","Bergen","n",11387
"2804","Architekt","m",11383
"8655","Diplom","n",11379
"10117","Eigenständigkeit","f",11373
"4390","Außenhandel","m",11372
"8136","Controller","m",11348
"29680","Schmitz","m",11320
"22430","Kolonie","f",11319
"11140","Elternhaus","n",11311
"23491","Korea","n",11310
"7177","Betriebswirtschaft","f",11303
"27039","Miteinander","n",11297
"15517","Gemeinsamkeit","f",11295
"5835","Beförderung","f",11291
"3591","Auflistung","f",11287
"8","Abänderung","f",11285
"18746","Informatik","f",11283
"31515","Sensibilität","f",11268
"35410","Unterbrechung","f",11266
"3046","Arzneimittel","n",11253
"19327","Internationale","f",11238
"30242","Schuljahr","n",11230
"34723","Umbruch","m",11229
"25001","Marine","f",11217
"17991","Hut","m",11193
"17992","Hut","f",11193
"34970","Umweltpolitik","f",11180
"12108","Erbrechen","n",11171
"12510","Ermessen","n",11152
"16412","Geschwulst","f",11127
"16147","Gesang","m",11124
"15297","Gebühr","f",11113
"5040","Bande","f",11083
"12996","Esser","m",11071
"31375","Selbstverständlichkeit","f",11051
"13517","Fachhochschule","f",11043
"21808","Klavier","n",11038
"30706","Schwert","n",11029
"26216","Messen","n",11024
"37591","Zusammenschluß","m",11024
"11293","End","m",11005
"15562","Gemeinwesen","n",10995
"21164","Kennzahl","f",10995
"24983","Marianne","f",10970
"37819","Zweig","m",10953
"1361","Anbindung","f",10951
"8969","Domäne","f",10949
"33951","Thier","n",10946
"5219","Baron","m",10945
"2090","Antragsteller","m",10942
"13582","Faden","m",10930
"37465","Zulieferer","m",10928
"11853","Entwicklungshilfe","f",10926
"23151","Kontinent","m",10923
"484","Abschreibung","f",10916
"22997","Konsistenz","f",10898
"10358","Einheitspartei","f",10895
"17998","Hütte","f",10890
"25357","Mass","n",10860
"31199","Selbstdarstellung","f",10853
"15205","Gebärmutter","f",10851
"11950","Enzyklopädie","f",10843
"9182","Download","m",10841
"28794","Nationalität","f",10841
"12294","Erfordernis","n",10840
"6684","Besatzung","f",10834
"36052","Urteilen","n",10828
"10190","Einbettung","f",10815
"36884","Zeuge","m",10812
"29228","Schilling","m",10808
"27008","Mitarbeiterin","f",10804
"3799","Aufzeichnung","f",10794
"12867","Erzählen","n",10789
"3858","Augustinus","m",10781
"6268","Belohnung","f",10777
"32819","Tal","n",10753
"13177","Evidenz","f",10749
"34044","Tropfen","n",10748
"34045","Tropfen","m",10748
"13325","Expertise","f",10735
"35121","Unfähigkeit","f",10729
"36083","User","m",10726
"22483","Komitee","n",10704
"9609","Durchbruch","m",10703
"13023","Etat","m",10698
"25135","Marktanteil","m",10698
"5624","Bayer","m",10695
"25760","Meditation","f",10690
"1249","Amtszeit","f",10687
"12464","Erlangen","n",10683
"10432","Einkommensteuer","f",10682
"1651","Anklage","f",10672
"24814","Mandat","n",10668
"3033","Artillerie","f",10666
"31288","Selbstmord","m",10661
"25667","Media","f",10657
"2095","Antrieb","m",10656
"12146","Erden","n",10630
"10380","Einigkeit","f",10629
"20176","Kalkulation","f",10624
"36594","Zeitspanne","f",10620
"6024","Beherrschung","f",10618
"12371","Erholung","f",10617
"34060","Trost","m",10613
"22371","Kollektiv","n",10608
"10991","Elektrizität","f",10593
"27078","Mithilfe","f",10584
"20682","Kärnten","n",10581
"32463","Symphonie","f",10577
"27085","Mitleid","n",10571
"4374","Außen","f",10565
"25243","Marokko","n",10563
"23259","Kontroverse","f",10555
"6066","Beilage","f",10549
"13488","Fachbereich","m",10547
"2581","Arbeitskreis","m",10544
"21955","Klick","m",10542
"24454","Kroatien","n",10533
"19731","Jonas","m",10526
"20088","Kaiserreich","n",10511
"7399","Bewerbung","f",10510
"14419","Fernseher","m",10508
"9813","Echo","n",10501
"9814","Echo","f",10501
"9474","Drucksache","f",10499
"32971","Taschenbuch","n",10493
"2588","Arbeitsleistung","f",10491
"12711","Erste","f",10489
"15748","Genossenschaft","f",10483
"11127","Elsass","n",10475
"26115","Menschlichkeit","f",10475
"14594","Fundierung","f",10473
"23406","Köpfen","n",10472
"7047","Betreuer","m",10468
"17354","Hauptaufgabe","f",10466
"31193","Selbstbild","n",10460
"7316","Beweglichkeit","f",10459
"34326","Typologie","f",10456
"10238","Einfachheit","f",10450
"29384","Schlange","f",10434
"27698","Moses","m",10422
"7869","Bildungssystem","n",10421
"5113","Banking","n",10415
"306","Ablösung","f",10413
"26696","Milz","f",10397
"34714","Umbau","m",10382
"15762","Genre","n",10374
"3795","Aufzählung","f",10360
"15549","Gemeinschaftsrecht","n",10358
"32127","Sir","m",10346
"31121","Sekundarstufe","f",10339
"19812","Jugendalter","n",10334
"325","Abnehmer","m",10328
"20123","Kalender","m",10316
"25588","Mauern","n",10313
"554","Abstammung","f",10308
"27560","Montage","f",10306
"4968","Balkan","m",10293
"32772","Tageszeitung","f",10284
"16933","Gewohnheit","f",10276
"16973","Gießen","n",10274
"31965","Silber","n",10261
"15703","Generierung","f",10260
"16216","Geschäftsleitung","f",10260
"4314","Aussagekraft","f",10248
"10690","Einverständnis","n",10248
"5906","Begleiter","m",10231
"35583","Unternehmensleitung","f",10228
"35221","Uni","f",10212
"25615","Maustaste","f",10205
"31877","Siedlung","f",10192
"37704","Zuwachs","m",10182
"4306","Ausrüstung","f",10177
"19670","Isolierung","f",10149
"22702","Komponist","m",10149
"8821","Distribution","f",10146
"29772","Schnitte","f",10140
"37575","Zusammenhalt","m",10139
"6223","Belegschaft","f",10136
"23473","Kopplung","f",10135
"1","3D","n",10127
"24227","Krieger","m",10116
"23273","Konvergenz","f",10112
"34494","Übermittlung","f",10094
"14042","Faszination","f",10088
"1951","Anstoß","m",10086
"19329","Internationalismus","m",10086
"7993","Coach","m",10079
"5886","Begehren","n",10071
"1972","Anteilseigner","m",10053
"11223","Empathie","f",10053
"17455","Hauptmann","m",10046
"890","Alois","m",10043
"31303","Selbstorganisation","f",10037
"5632","Be","n",10029
"25893","Mehrwert","m",10019
"32823","Talent","n",10010
"13048","Ethnologie","f",10009
"19095","Insolvenz","f",10003
"24921","Mantel","m",9999
"17556","Hauptversammlung","f",9996
"28","Abbild","n",9994
"22643","Kompensation","f",9977
"1211","Amtsgericht","n",9976
"19732","Jonathan","m",9966
"31707","Shell","f",9966
"11794","Entsprechung","f",9958
"27295","Mobbing","n",9958
"35799","Unterzeichnung","f",9955
"13640","Fahrrad","n",9948
"3136","Assistent","m",9932
"23920","Krankenkasse","f",9929
"22218","Koblenz","n",9927
"9227","Drang","m",9924
"33112","Täuschung","f",9915
"22845","Kongo","m",9913
"20432","Kanton","m",9909
"20433","Kanton","n",9909
"33103","Tausch","m",9906
"1566","Angleichung","f",9880
"19650","Island","n",9880
"12778","Erwachsenenalter","n",9871
"22729","Kompromiß","m",9862
"26003","Membran","f",9856
"11771","Entschluss","m",9845
"478","Abschreckung","f",9843
"30038","Schrifttum","n",9841
"18833","Informationsverarbeitung","f",9837
"21190","Kerl","m",9837
"34103","Truppe","f",9815
"14654","Funktionieren","n",9811
"25996","Melodie","f",9808
"16696","Getreide","n",9805
"6686","Besatzungsmacht","f",9804
"27632","Mörder","m",9788
"31396","Selbstwertgefühl","n",9776
"6171","Beklagte","f",9771
"21947","Klett","m",9771
"7538","Bezugsrahmen","m",9768
"1666","Ankündigung","f",9765
"28914","Naturschutz","m",9761
"27413","Mohr","m",9760
"18460","Import","m",9759
"14803","Fußnote","f",9754
"26931","Misserfolg","m",9745
"76","Abendessen","n",9733
"27162","Mitteleuropa","n",9717
"12528","Ermordung","m",9715
"12529","Ermordung","f",9715
"11253","Empfinden","n",9712
"30930","Segen","m",9708
"17808","Hose","f",9704
"2312","Appell","m",9691
"17232","Harmonisierung","f",9690
"28806","Nationalökonomie","f",9672
"3144","Assoziation","f",9670
"8061","Commitment","n",9661
"4747","Avantgarde","f",9656
"35314","Unmittelbarkeit","f",9653
"28613","Nahrungsmittel","n",9649
"11828","Entwickler","m",9643
"22047","Kluft","f",9637
"28245","Nachahmung","f",9622
"35962","Urin","m",9607
"27839","Multimedia","n",9599
"12055","Equity","n",9592
"4610","Auszahlung","f",9581
"26927","Mißbrauch","m",9569
"985","Altersgruppe","f",9545
"18575","Individualismus","m",9531
"3639","Aufregung","f",9520
"27371","Moderator","m",9515
"17636","Haushalten","n",9511
"12572","Ernte","f",9506
"22256","Koffer","m",9499
"15883","Gerichtsbarkeit","f",9491
"4597","Ausweis","m",9488
"32288","Skript","n",9482
"31635","Set","n",9478
"29472","Schließung","f",9472
"5876","Begabung","f",9460
"32096","Sinnlichkeit","f",9456
"21055","Kavallerie","f",9448
"35460","Unterhalt","m",9447
"2840","Argentinien","n",9444
"743","Access","m",9439
"26122","Mentalität","f",9439
"11545","Ensemble","n",9436
"6692","Besatzungszone","f",9434
"25214","Marktteilnehmer","m",9415
"27285","Mix","m",9414
"19805","Judith","f",9411
"30682","Schwere","f",9409
"31639","Setting","n",9390
"491","Abschrift","f",9389
"35000","Umzug","m",9384
"33420","Teller","m",9364
"118","Abfall","m",9360
"3132","Assimilation","f",9359
"15427","Gelingen","n",9338
"11146","Elternteil","m",9337
"7880","Bildungswesen","n",9334
"23044","Konstruktivismus","m",9329
"36879","Zettel","m",9326
"19167","Instrumentarium","n",9316
"12466","Erlangung","f",9311
"9523","Du","m",9305
"19708","Item","n",9305
"29404","Schlegel","m",9296
"31948","Signifikanz","f",9295
"35224","Uniform","f",9292
"14325","Felsen","m",9278
"36733","Zentralbank","f",9269
"13567","Fachwissen","n",9265
"27389","Modifikation","f",9265
"24660","Mailand","n",9261
"4686","Automobilindustrie","f",9258
"3432","Aufbereitung","f",9257
"9275","Drehung","f",9240
"23592","Körperschaft","f",9238
"13057","Ethos","n",9228
"1317","Anamnese","f",9226
"21845","Kleid","n",9226
"1847","Anruf","m",9213
"3569","Aufkommen","n",9206
"34247","Turm","m",9206
"20424","Kanten","m",9194
"28821","Nationalstaat","m",9181
"35651","Unterredung","f",9177
"30297","Schulsozialarbeit","f",9176
"35791","Unterwerfung","f",9173
"8329","Diabetes","m",9166
"9013","Donau","f",9159
"12110","Erbringung","f",9154
"1620","Anhörung","f",9151
"23161","Kontingenz","f",9151
"32561","Systematisierung","f",9151
"15683","Generalversammlung","f",9143
"7851","Bildungspolitik","f",9142
"22890","Konjunktur","f",9141
"4514","Ausstrahlung","f",9138
"22268","Kohärenz","f",9129
"19129","Instandhaltung","f",9123
"842","Action","f",9105
"5759","Bedienung","f",9099
"11999","Epilepsie","f",9095
"25113","Markierung","f",9095
"20593","Kaplan","m",9092
"9908","Ego","n",9091
"36058","Urteilskraft","f",9090
"27119","Mittagessen","n",9086
"13013","Estland","n",9078
"7536","Bezugspunkt","m",9077
"8067","Community","f",9066
"20403","Kanon","m",9066
"13310","Experte","m",9061
"31090","Sekretariat","n",9061
"3993","Ausfall","m",9052
"10698","Einwanderung","f",9040
"31388","Selbstverwirklichung","f",9028
"25629","Maxime","f",9023
"19994","Kabel","n",9005
"10052","Eigen","n",8982
"11666","Entlohnung","f",8981
"37995","Zylinder","m",8970
"29262","Schizophrenie","f",8969
"37062","Zins","m",8965
"4618","Auszubildende","f",8964
"20607","Kapsel","f",8963
"5867","Befugnis","f",8961
"10688","Einvernehmen","n",8961
"2290","Apostel","m",8951
"31382","Selbstvertrauen","n",8949
"7154","Betriebssystem","n",8947
"7155","Betriebssystem","m",8947
"17261","Härte","f",8947
"37420","Zuhause","n",8945
"8344","Diakonie","f",8938
"5844","Befragte","f",8927
"23746","Kostenrechnung","f",8914
"19411","Interviewer","m",8905
"29202","Schild","n",8894
"29203","Schild","m",8894
"5873","Befürworter","m",8892
"20475","Kapelle","f",8889
"9284","Dreieck","n",8886
"33347","Telefax","n",8882
"35554","Unternehmenserfolg","m",8871
"32271","Sklaverei","f",8869
"29413","Schleife","f",8864
"2","a","n",8858
"9751","Dutzend","n",8852
"36820","Zerfall","m",8850
"17131","Gutachter","m",8844
"24534","Luxus","m",8841
"12267","Erfolgsfaktor","m",8839
"11254","Empfindlichkeit","f",8826
"23998","Krause","f",8826
"23060","Konsument","m",8822
"33392","Telekommunikation","f",8820
"35513","Unterkunft","f",8818
"25253","Marschall","m",8811
"2790","Archäologie","f",8806
"6037","Beibehaltung","f",8802
"11929","Entzifferung","f",8795
"21987","Klimawandel","m",8780
"10384","Einigungsvertrag","m",8778
"13710","Faktum","n",8761
"34864","Umschlag","m",8759
"19413","Interviewpartner","m",8748
"15566","Gemeinwohl","n",8741
"9026","Donnerstag","m",8737
"36476","Zeitablauf","m",8737
"28532","Nacken","m",8729
"1894","Anschrift","f",8728
"31897","Siegel","n",8723
"9158","Dosierung","f",8720
"1543","Angemessenheit","f",8719
"31260","Selbsthilfe","f",8709
"37967","Zwischenzeit","f",8706
"27260","Mittwoch","m",8701
"19691","Istanbul","n",8699
"255","Abkürzung","f",8695
"4859","Bacon","m",8681
"16137","Gesamtzahl","f",8681
"5394","Bauchhöhle","f",8680
"19703","Italiener","m",8672
"32171","Sitzen","n",8667
"18383","Immanuel","m",8658
"10754","Einzelhandel","m",8655
"12381","Erika","f",8651
"28555","Nagel","m",8647
"27442","Möller","m",8641
"7923","Cicero","m",8640
"32989","Tasse","f",8631
"15255","Gebirge","n",8630
"19223","Intellektuelle","f",8627
"6493","Bergmann","m",8619
"14544","Führungsstil","m",8608
"4067","Ausgangslage","f",8607
"14020","Fassade","f",8606
"7239","Beute","f",8605
"31790","Sicherheitsrat","m",8600
"18893","Inhaltsanalyse","f",8594
"9398","Drohung","f",8583
"15434","Geltungsbereich","m",8582
"17501","Hauptschule","f",8567
"20155","Kalk","m",8567
"25487","Master","m",8565
"34135","Tschechien","n",8565
"8878","DNS","f",8559
"21790","Klassik","f",8553
"10335","Eingreifen","n",8550
"21700","Klägerin","f",8550
"35037","Unbehagen","n",8542
"32474","Synagoge","f",8541
"24490","Krupp","m",8529
"37491","Zuneigung","f",8522
"10697","Einwanderer","m",8521
"27511","Monitor","m",8519
"1914","Anspannung","f",8516
"11265","Empirie","f",8511
"32013","Simone","f",8511
"34408","Überforderung","f",8503
"37679","Zustellung","f",8498
"10931","Eiweiss","n",8492
"25600","Maurer","m",8491
"29438","Schlesien","n",8491
"6441","Bereicherung","f",8485
"3474","Auferstehung","f",8481
"8439","Dienstag","m",8479
"6526","Berichterstatter","m",8477
"19896","Julian","m",8477
"7300","Bewahrung","f",8472
"35769","Unterteilung","f",8469
"17885","Hügel","m",8466
"8123","Container","m",8464
"18934","Inklusion","f",8459
"6632","Berufstätigkeit","f",8458
"9160","Dosis","f",8453
"23266","Konvent","m",8451
"9764","Dynastie","f",8450
"9525","Dualismus","m",8447
"36725","Zentimeter","m",8446
"25226","Marktwert","m",8440
"36144","Validierung","f",8434
"29337","Schlafzimmer","n",8425
"34551","Übersetzer","m",8421
"4328","Ausscheiden","n",8416
"13903","Fantasie","f",8416
"26727","Minderung","f",8416
"22292","Kohlensäure","f",8404
"25651","Mechanik","f",8401
"9543","Duft","m",8400
"30206","Schülerin","f",8399
"20915","Kategorisierung","f",8397
"21959","Klientel","f",8395
"1944","Anstellung","f",8394
"18394","Immobilie","f",8388
"12428","Erkenntnistheorie","f",8382
"18867","Ingenieur","m",8377
"1005","Altersvorsorge","f",8374
"37644","Zuschlag","m",8372
"18543","Indianer","m",8369
"2775","Arbeitszeitverkürzung","f",8367
"8228","Cultur","f",8364
"13446","Fabel","f",8355
"25041","Markenführung","f",8350
"12681","Erschöpfung","f",8345
"32138","Site","f",8332
"10145","Eigenverantwortung","f",8330
"28704","Narkose","f",8329
"28962","Scheibe","f",8327
"32779","Tagsatzung","f",8325
"8966","Dom","m",8302
"5963","Begrüßung","f",8290
"7188","Betroffenheit","f",8290
"10046","Eifer","m",8289
"386","Absage","f",8288
"37799","Zweckmäßigkeit","f",8288
"5956","Begründer","m",8280
"13117","Europäisierung","f",8279
"3292","Atlas","m",8277
"11172","Embryo","m",8263
"4636","Autobiographie","f",8260
"12180","Erdöl","n",8260
"27577","Montenegro","n",8248
"35551","Unternehmensbewertung","f",8242
"6153","Bekannte","f",8241
"31722","Show","f",8232
"20384","Kandidat","m",8230
"34392","Übereinkommen","n",8226
"26705","Mimik","f",8225
"32470","Symptom","n",8225
"30880","Seelsorge","f",8223
"25815","Meerschweinchen","n",8221
"27297","Möbel","n",8221
"24694","Majorität","f",8213
"11528","Enkel","m",8203
"33886","Therapeutin","f",8193
"13300","Expedition","f",8177
"32442","Symbolik","f",8176
"6229","Belehrung","f",8173
"13534","Fachliteratur","f",8171
"35788","Unterweisung","f",8169
"37662","Zustandekommen","n",8167
"35452","Untergrund","m",8160
"37006","Zigarette","f",8150
"327","Abneigung","f",8144
"27438","Moll","n",8134
"5582","Baustein","m",8131
"7445","Bewunderung","f",8130
"14882","Galle","f",8128
"15272","Geborgenheit","f",8127
"33766","Thailand","n",8121
"27782","Müdigkeit","f",8114
"32047","Singen","n",8114
"13219","Exemplar","n",8113
"4003","Ausfertigung","f",8112
"17079","Gulden","m",8107
"20313","Kämpfer","m",8103
"12492","Erlernen","n",8091
"1003","Altersversorgung","f",8074
"10613","Einspruch","m",8071
"5799","Befähigung","f",8065
"12486","Erledigung","f",8055
"22367","Kollegin","f",8050
"34318","Typhus","m",8048
"17326","Haufen","m",8040
"5345","Bataillon","n",8024
"10193","Einbezug","m",8020
"14956","Ganzheit","f",8020
"23231","Kontrollgruppe","f",8020
"34345","Übelkeit","f",8020
"4076","Ausgangssituation","f",8016
"36866","Zertifikat","n",8016
"4330","Ausscheidung","f",8006
"37651","Zuschreibung","f",7999
"18228","Idealfall","m",7997
"29986","Schreibweise","f",7996
"3028","Artikulation","f",7990
"5353","Batterie","f",7984
"25767","Mediziner","m",7980
"256","Abkürzungsverzeichnis","n",7978
"1881","Anschlag","m",7966
"1537","Angelika","f",7963
"28215","Mystik","f",7953
"30690","Schwerin","n",7953
"21403","Kinderbetreuung","f",7946
"34892","Umsiedler","m",7946
"1445","Anfall","m",7941
"23367","Kooperationspartner","m",7939
"2372","Araber","m",7937
"15959","Gertrud","f",7926
"32546","Syrien","n",7921
"3365","Atrophie","f",7915
"15520","Gemeinschaftsarbeit","f",7915
"6609","Berufsleben","n",7901
"6862","Besonderes","n",7898
"24864","Manifest","n",7883
"21012","Kaufpreis","m",7880
"37805","Zwei","f",7877
"24944","Mappe","f",7869
"14623","Funk","m",7862
"36762","Zentralkomitee","n",7847
"16313","Geschick","n",7839
"34919","Umverteilung","f",7834
"35267","Universitätsbibliothek","f",7833
"8901","Dogmatik","f",7825
"20174","Kalkül","n",7822
"20175","Kalkül","m",7822
"32319","Slowenien","n",7819
"31630","Sessel","m",7815
"20903","Kate","f",7813
"28909","Naturrecht","n",7808
"30938","Segmentierung","f",7806
"21525","King","m",7801
"34921","Umwälzung","f",7800
"16503","Gesetzmäßigkeit","f",7799
"720","Abwertung","f",7797
"33875","Theoriebildung","f",7797
"11775","Entschuldigung","f",7795
"23099","Kontaktaufnahme","f",7795
"27531","Monopol","m",7794
"27532","Monopol","n",7794
"9939","Ehepaar","n",7788
"2751","Arbeitsvertrag","m",7785
"7301","Bewährung","f",7780
"18782","Informationsgesellschaft","f",7779
"20311","Kämpfen","n",7778
"33133","Taxi","n",7778
"14702","Furche","f",7777
"7190","Betrug","m",7774
"8659","Diplomatie","f",7753
"12504","Ermächtigung","f",7748
"27694","Mose","m",7744
"926","Altar","m",7743
"6056","Beihilfe","f",7730
"11790","Entspannungspolitik","f",7727
"37707","Zuwanderer","m",7725
"37726","Zwangsarbeit","f",7725
"34344","Übel","n",7717
"2590","Arbeitslose","f",7711
"3954","Ausdauer","f",7710
"28521","Nachwuchs","m",7707
"11750","Entscheidungsprozess","m",7704
"37691","Zuteilung","f",7698
"23516","Körner","m",7694
"34259","Turner","m",7694
"19470","Invasion","f",7693
"29682","Schmuck","m",7675
"8513","Dienststelle","f",7668
"4241","Auslieferung","f",7657
"26015","Memorandum","n",7657
"9177","Douglas","m",7653
"4885","Bagdad","n",7651
"8063","Commonwealth","n",7651
"66","Abdruck","m",7649
"5173","Barcelona","n",7647
"19019","Innenstadt","f",7647
"33869","Theoretiker","m",7647
"14489","Führen","n",7644
"16879","Gewinnen","n",7637
"20025","Kader","n",7637
"20026","Kader","m",7637
"21946","Klerus","m",7635
"5853","Befreiungsbewegung","f",7625
"15723","Genie","n",7613
"18364","Imagination","f",7609
"13151","Evaluierung","f",7604
"34164","Tuch","n",7577
"4974","Balken","m",7574
"15989","Gesamtbevölkerung","f",7568
"37922","Zwischenkriegszeit","f",7567
"17067","Guido","m",7564
"13703","Faktorenanalyse","f",7553
"18344","Illustration","f",7546
"35514","Unterlage","f",7546
"19122","Instabilität","f",7538
"18756","Informationsaustausch","m",7536
"12814","Erwerber","m",7527
"8426","Diebstahl","m",7521
"6089","Beirat","m",7502
"23392","Kopenhagen","n",7500
"36177","Yin","n",7500
"1549","Angesicht","n",7488
"25548","Mathematiker","m",7485
"33147","Teamarbeit","f",7479
"32956","Tarifvertrag","m",7476
"2414","Arbeiterpartei","f",7468
"32511","Synode","f",7460
"30605","Schwefelsäure","f",7459
"10002","Ehrgeiz","m",7456
"36883","Zeug","n",7456
"37702","Zuversicht","f",7455
"4675","Automatisierung","f",7450
"18977","Innen","n",7448
"31961","Silbe","f",7442
"1575","Angola","n",7441
"2612","Arbeitsmarktpolitik","f",7439
"35367","Unsinn","m",7437
"30414","Schütze","m",7426
"30415","Schütze","f",7426
"21137","Kellner","m",7424
"34355","Überarbeitung","f",7422
"23013","Konstante","f",7414
"5935","Begrifflichkeit","f",7410
"33998","Thron","m",7410
"18634","Industriegesellschaft","f",7406
"550","Absprache","f",7404
"23922","Krankenpflege","f",7404
"38002","Zypern","n",7401
"31275","Selbstkontrolle","f",7397
"17015","Gipfelkonferenz","f",7394
"34753","Umgangssprache","f",7393
"22062","Knabe","m",7386
"12248","Erfinder","m",7377
"30648","Schweizer","m",7376
"16625","Gestik","f",7369
"21285","Kessler","m",7361
"5872","Befürchtung","f",7360
"35175","Ungerechtigkeit","f",7359
"33391","Telekom","f",7358
"33855","Theologe","m",7358
"10130","Eigentümlichkeit","f",7356
"14666","Funktionsfähigkeit","f",7356
"9031","Doping","n",7343
"6298","Benedikt","m",7337
"1862","Ansatzpunkt","m",7335
"528","Absolutismus","m",7334
"29370","Schlagwort","n",7325
"30388","Schuster","m",7319
"35618","Unternehmenswert","m",7314
"20582","Kapitän","m",7310
"6284","Bemessungsgrundlage","f",7304
"905","Alpha","n",7302
"28520","Nachwort","n",7301
"4215","Auslastung","f",7299
"2919","Armeekorps","n",7294
"11021","Elektrolyse","f",7288
"13592","Fahne","f",7285
"34909","Umstrukturierung","f",7285
"18738","Info","f",7284
"30350","Schulzeit","f",7284
"22507","Kommen","n",7280
"6556","Bernstein","m",7279
"19984","Jutta","f",7279
"15831","Gepäck","n",7275
"32211","Skandal","m",7266
"3407","Audit","n",7264
"11877","Entwicklungsprozess","m",7264
"23875","Kramer","m",7264
"19298","Interessenvertretung","f",7261
"12616","Erregbarkeit","f",7239
"12530","Ermüdung","f",7238
"36292","Zahn","m",7237
"16364","Geschlossenheit","f",7236
"26371","Methodologie","f",7228
"16208","Geschäftsjahr","n",7226
"14618","Fünftel","n",7210
"30309","Schulsystem","n",7209
"9569","Dunkel","n",7208
"35644","Unterordnung","f",7205
"1794","Anonymität","f",7204
"31702","Shanghai","n",7196
"7431","Bewilligung","f",7191
"8812","Distanzierung","f",7190
"32799","Taiwan","n",7182
"21695","Klagenfurt","n",7168
"24267","Kriegsgefangene","f",7168
"13142","Euthanasie","f",7164
"26502","Mikroelektronik","f",7154
"28942","Navigation","f",7150
"34068","Trotz","m",7146
"32512","Synonym","n",7141
"18511","Inbegriff","m",7140
"16881","Gewinner","m",7138
"28965","Scheide","f",7138
"17535","Hauptteil","m",7134
"9611","Durchdringung","f",7132
"2592","Arbeitslosengeld","n",7129
"25719","Mediennutzung","f",7128
"22512","Kommentierung","f",7127
"35","Abbildungsverzeichnis","n",7126
"1662","Anknüpfung","f",7123
"23513","Körnchen","n",7120
"619","Abt","m",7114
"6579","Berufsbildung","f",7114
"24689","Major","f",7111
"24690","Major","m",7111
"35101","Unendlichkeit","f",7111
"2972","Array","n",7109
"2031","Antikommunismus","m",7108
"31312","Selbstreflexion","f",7100
"11274","Empörung","f",7094
"35183","Ungewissheit","f",7092
"6255","Beliebtheit","f",7090
"34785","Umkreis","m",7088
"34779","Umkehrung","f",7087
"29889","Schoß","m",7082
"29890","Schoß","f",7082
"5728","Bedeutsamkeit","f",7079
"1832","Anrechnung","f",7071
"27640","Morgan","m",7070
"745","Account","m",7067
"5657","Bearbeiter","m",7064
"36700","Zelt","n",7064
"21928","Kleist","m",7063
"36868","Zertifizierung","f",7057
"10207","Einbruch","m",7054
"10976","Elbe","f",7047
"16779","Gewässer","n",7040
"27626","Morbus","m",7037
"15505","Gemeine","f",7032
"37116","Zirkel","m",7031
"16816","Gewerbesteuer","f",7027
"12152","Erdgas","n",7024
"24540","Luzern","n",7021
"31276","Selbstkonzept","n",7021
"26683","Millimeter","m",7018
"2835","Arena","f",7016
"17921","Humankapital","n",7016
"36922","Ziegler","m",7001
"23144","Kontextmenü","n",7000
"2033","Antikörper","m",6990
"20423","Kante","f",6990
"35954","Urheberrecht","n",6990
"5647","Beamter","m",6988
"10228","Eindringen","n",6987
"19119","Inspiration","f",6986
"37552","Zusage","f",6986
"3507","Aufgabenbereich","m",6985
"32469","Symposium","n",6980
"29910","Schrank","m",6976
"24709","Makro","m",6975
"25653","Mechanisierung","f",6970
"16465","Gesetzbuch","n",6968
"8071","Compliance","f",6963
"35308","Unlust","f",6958
"20995","Kaufkraft","f",6954
"5583","Baustelle","f",6949
"18596","Indonesien","n",6942
"3129","Asset","n",6941
"10925","Eiter","m",6941
"27410","Mohammed","m",6941
"3395","Au","f",6932
"10188","Einberufung","f",6926
"31091","Sekretärin","f",6926
"23600","Körpersprache","f",6924
"37571","Zusammenführung","f",6924
"36757","Zentralisierung","f",6921
"630","Abteilungsleiter","m",6916
"665","Abwanderung","f",6908
"18434","Imperativ","m",6907
"21577","Kirchengeschichte","f",6906
"9864","Editor","m",6894
"11785","Entsorgung","f",6881
"19949","Jurist","m",6881
"14484","Fühlen","n",6880
"33881","Theory","f",6880
"20792","Käse","m",6878
"24233","Kriegführung","f",6878
"29041","Schenkel","m",6878
"1008","Altertum","n",6876
"11799","Entstehungsgeschichte","f",6870
"13267","Exklusion","f",6864
"13378","Express","m",6857
"30691","Schwerindustrie","f",6857
"11888","Entwicklungsstand","m",6853
"16688","Gesundheitszustand","m",6847
"9947","Eheschließung","f",6842
"37040","Zink","n",6839
"37041","Zink","m",6839
"30665","Schwellung","f",6836
"34540","Überschreitung","f",6832
"2488","Arbeitsblatt","n",6828
"16245","Geschäftstätigkeit","f",6828
"25671","Median","m",6816
"36491","Zeitaufwand","m",6815
"13871","Familienunternehmen","n",6808
"12617","Erreger","m",6802
"22606","Kommunikationswissenschaft","f",6802
"22776","Konfession","f",6801
"27255","Mitternacht","f",6796
"1581","Angreifer","m",6791
"35748","Untersuchungsgegenstand","m",6784
"36462","Zeigefinger","m",6783
"16456","Gesellschaftsvertrag","m",6781
"14338","Feminismus","m",6779
"22621","Komödie","f",6779
"32333","Super","n",6778
"4614","Auszeichnung","f",6777
"26406","Metz","n",6772
"36463","Zeiger","m",6758
"34675","Uhrzeit","f",6752
"22457","Kolumbien","n",6751
"19910","Jungfrau","f",6748
"36716","Zen","n",6747
"35606","Unternehmensstrategie","f",6739
"13373","Exposition","f",6731
"8851","Diversifikation","f",6729
"8028","Cola","f",6722
"36178","Yoga","m",6722
"27111","Mitschüler","m",6719
"13124","Europarat","m",6704
"37516","Zurechnung","f",6703
"19154","Instruktion","f",6702
"33167","Techniker","m",6696
"10483","Einmarsch","m",6695
"12625","Erreichbarkeit","f",6695
"6194","Belarus","n",6686
"6157","Bekanntheit","f",6681
"24573","Lyon","n",6674
"23196","Kontraktion","f",6671
"36525","Zeitgeist","m",6668
"17729","Haustür","f",6667
"4425","Außenseiter","m",6658
"35149","Unfallversicherung","f",6658
"27881","Mündigkeit","f",6656
"36508","Zeitdruck","m",6650
"33556","Terrain","n",6646
"16222","Geschäftsordnung","f",6643
"13854","Familienpolitik","f",6640
"26439","Miene","f",6636
"17876","Hüfte","f",6629
"8570","Diffusion","f",6622
"852","Adaption","f",6621
"34444","Übergewicht","n",6614
"34445","Übergewicht","f",6614
"31875","Siedler","m",6605
"19721","Jacke","f",6602
"10271","Einfühlung","f",6598
"19270","Interdependenz","f",6591
"224","Abhilfe","f",6588
"32990","Tastatur","f",6588
"17986","Husten","m",6586
"17987","Husten","n",6586
"11679","Entnahme","f",6584
"17920","Humanität","f",6584
"21497","Kindesalter","n",6582
"36376","Zäsur","f",6581
"33344","Telearbeit","f",6579
"15585","Gemüt","n",6577
"3649","Aufrüstung","f",6576
"4412","Außenministerium","n",6575
"2643","Arbeitsorganisation","f",6573
"4324","Ausschaltung","f",6572
"3449","Aufdeckung","f",6568
"30739","Schwindel","m",6552
"26918","Missachtung","f",6549
"1867","Anschaffung","f",6537
"29830","Schokolade","f",6537
"30563","Schwarze","f",6533
"35428","Unterfangen","n",6530
"20590","Kapitulation","f",6529
"28248","Nachbar","m",6526
"30977","Seidel","n",6526
"25302","Maschinenbau","m",6525
"37422","Zuhören","n",6517
"9736","Durst","m",6514
"10587","Einsetzung","f",6511
"36731","Zentralasien","n",6511
"28873","Naturforscher","m",6503
"5535","Baumwolle","f",6499
"33768","Thal","n",6497
"1834","Anrede","f",6494
"24486","Krümmung","f",6492
"958","Altern","n",6491
"24638","Mahlzeit","f",6487
"11193","Emission","f",6484
"11056","Elektronik","f",6480
"13743","Fälligkeit","f",6475
"9346","Dringlichkeit","f",6473
"425","Abschätzung","f",6467
"1497","Anführer","m",6467
"18999","Innenminister","m",6467
"29410","Schleier","m",6465
"20950","Katrin","f",6460
"3670","Aufsehen","n",6455
"35357","Unschuld","f",6455
"23572","Körperhaltung","f",6451
"23617","Korpus","m",6449
"23618","Korpus","n",6449
"5651","Beanspruchung","f",6446
"30257","Schulleiter","m",6446
"3074","Asche","f",6440
"23088","Konsumtion","f",6440
"26143","Mercedes","f",6436
"6026","Behinderte","f",6434
"19813","Jugendamt","n",6433
"14192","Fehlverhalten","n",6432
"16811","Gewerbeordnung","f",6430
"8348","Dialekt","m",6428
"11493","Energieversorgung","f",6428
"28810","Nationalrat","m",6428
"30128","Schulbildung","f",6426
"20768","Kartographie","f",6423
"23314","Konzeptualisierung","f",6421
"32048","Single","m",6419
"32049","Single","n",6419
"32050","Single","f",6419
"11570","Enteignung","f",6418
"29753","Schnelligkeit","f",6416
"15781","Genüge","f",6412
"27214","Mittelschicht","f",6411
"7591","Bibliothekswesen","n",6409
"30539","Schwanz","m",6405
"30635","Schweiß","m",6405
"25251","Marsch","m",6403
"25252","Marsch","f",6403
"11974","Epidermis","f",6401
"26397","Metropole","f",6400
"34412","Überführung","f",6397
"35772","Untertitel","m",6394
"34927","Umweg","m",6393
"10348","Einheitlichkeit","f",6389
"19578","Iris","f",6389
"27052","Mitgefühl","n",6388
"30511","Schwächung","f",6387
"7962","Cleve","n",6383
"19219","Intellekt","m",6380
"37727","Zwangsarbeiter","m",6377
"1774","Annexion","f",6374
"5656","Bearbeiten","n",6373
"19473","Inventar","n",6368
"29944","Schrei","m",6368
"6777","Beschlussfassung","f",6366
"32069","Sinnen","n",6364
"367","Abreise","f",6363
"30773","Schwung","m",6356
"1725","Anleihe","f",6354
"12601","Erosion","f",6354
"27369","Moderation","f",6354
"34773","Umkehr","f",6352
"4553","Austritt","m",6339
"27342","Model","m",6333
"27343","Model","n",6333
"8068","Compagnie","f",6332
"29058","Scherer","m",6323
"6197","Belastbarkeit","f",6316
"11332","Endlichkeit","f",6308
"33515","Teppich","m",6308
"21660","Kissen","n",6306
"37600","Zusammentreffen","n",6292
"375","Abriss","m",6291
"1966","Antarktis","f",6290
"22521","Kommissar","m",6290
"34141","Tschernobyl","n",6289
"10184","Einbau","m",6288
"4006","Ausflug","m",6286
"16997","Gilbert","m",6286
"19063","Inschrift","f",6286
"17105","Gunst","f",6280
"31093","Sekretion","f",6279
"11872","Entwicklungspolitik","f",6278
"24879","Männchen","n",6276
"9512","Drüse","f",6275
"205","Abgrund","m",6273
"17619","Hausfrau","f",6272
"5436","Bauernschaft","f",6269
"830","Ackermann","m",6259
"16143","Gesandte","f",6255
"27385","Modernität","f",6254
"5974","Behälter","m",6252
"5865","Befruchtung","f",6243
"861","Addition","f",6238
"22481","Komintern","f",6238
"28313","Nachfragen","n",6233
"8854","Diversität","f",6232
"8681","Direktion","f",6227
"10223","Eindeutigkeit","f",6227
"16179","Geschäftsbeziehung","f",6227
"36630","Zeitverlauf","m",6215
"29502","Schluck","m",6207
"23169","Kontinuum","n",6206
"12802","Erwartungswert","m",6200
"32446","Symbolleiste","f",6200
"22652","Kompetenzentwicklung","f",6195
"15407","Gedenkstätte","f",6189
"8034","College","n",6182
"19161","Instrumentalisierung","f",6178
"35546","Unternehmensberatung","f",6171
"27512","Monitoring","n",6170
"30376","Schuss","m",6170
"33505","Tenor","m",6165
"19107","Insolvenzverfahren","n",6164
"3068","As","m",6159
"3069","As","n",6159
"14583","Fundamentalismus","m",6151
"22262","Kognition","f",6151
"4367","Ausschüttung","f",6150
"11502","Enge","f",6150
"15842","Gepräge","n",6149
"30344","Schulwesen","n",6148
"22640","Kompatibilität","f",6147
"1475","Anfechtung","f",6140
"8396","Dichotomie","f",6140
"27692","Moschee","f",6139
"16955","Ghetto","n",6134
"2212","Anziehungskraft","f",6132
"2780","Arbeitszufriedenheit","f",6131
"5938","Begriffsbestimmung","f",6129
"23554","Körperchen","n",6128
"539","Absorption","f",6126
"2215","Anzug","m",6126
"13420","Extremfall","m",6126
"23015","Konstantin","m",6124
"25748","Medikament","n",6124
"10814","Einzigartigkeit","f",6111
"22417","Kolonialismus","m",6111
"37054","Zinn","n",6111
"17906","Hülle","f",6110
"32825","Taler","m",6101
"36845","Zersetzung","f",6101
"33559","Terrasse","f",6097
"19349","Internetseite","f",6095
"21019","Kaufvertrag","m",6089
"12940","Erzielung","f",6086
"11719","Entscheider","m",6085
"31206","Selbsteinschätzung","f",6084
"19943","Jura","m",6083
"32361","Suppe","f",6082
"2599","Arbeitslosenversicherung","f",6079
"4238","Auslese","f",6075
"35574","Unternehmenskommunikation","f",6074
"16831","Gewerkschaftsbewegung","f",6071
"29047","Schenkung","f",6071
"29174","Schiffer","m",6070
"37544","Zurückweisung","f",6069
"690","Abwechslung","f",6068
"35680","Unterrichtung","f",6062
"35296","Unkenntnis","f",6060
"22296","Kohlenstoff","m",6058
"9940","Ehepartner","m",6057
"13687","Fairness","f",6056
"16624","Gestern","n",6055
"505","Absender","m",6049
"14819","Futter","n",6049
"2595","Arbeitslosenquote","f",6047
"5518","Baumgarten","m",6047
"18440","Imperium","n",6044
"21207","Kernel","m",6044
"16113","Gesamtumfang","m",6042
"19736","Jordan","m",6039
"12382","Erinnern","n",6037
"3302","Atom","n",6031
"14100","Federn","n",6030
"19822","Jugendbewegung","f",6030
"7381","Beweislast","f",6029
"15401","Gedenken","n",6024
"1706","Anlagevermögen","n",6022
"9909","Egoismus","m",6017
"1135","Ammoniak","n",6014
"1136","Ammoniak","m",6014
"4479","Aussperrung","f",6013
"20073","Kairo","n",6011
"18602","Induktion","f",6009
"9247","Drehbuch","n",6008
"2128","Anwachsen","n",6006
"17069","Guinea","f",6005
"17070","Guinea","n",6005
"9197","Drachen","m",6003
"11847","Entwicklungsgeschichte","f",6001
"35403","Unterbewusstsein","n",5999
"2374","Arabien","n",5997
"18173","Hypothek","f",5997
"16979","Gift","m",5992
"16980","Gift","n",5992
"25914","Meinungsbildung","f",5989
"3126","Assessment","n",5986
"15430","Geltendmachung","f",5986
"37243","Zollverein","m",5985
"25960","Melancholie","f",5973
"27893","Mündung","f",5966
"9204","Draht","m",5965
"8383","Diaspora","f",5961
"22174","Knorpel","m",5961
"31772","Sicherheitskonferenz","f",5960
"7581","Bibliothekar","m",5952
"2243","Apfel","m",5948
"18720","Infiltration","f",5948
"15770","Gentechnik","f",5946
"35892","Ur","f",5946
"35893","Ur","m",5946
"13788","Falten","n",5938
"20140","Kalifornien","n",5937
"20141","Kalifornien","f",5937
"6160","Bekanntschaft","f",5936
"10652","Einstufung","f",5935
"33980","Thread","m",5932
"13335","Explosion","f",5931
"34209","Tunnel","m",5930
"4484","Ausspruch","m",5928
"5418","Bauen","n",5927
"18136","Hypnose","f",5926
"7533","Bezugsperson","f",5918
"197","Abgleich","m",5917
"22589","Kommunikationspolitik","f",5917
"2704","Arbeitsstelle","f",5915
"21279","Kessel","m",5914
"5244","Barwert","m",5912
"16276","Geschichtlichkeit","f",5904
"31465","Senator","m",5901
"5829","Befindlichkeit","f",5900
"17554","Hauptverhandlung","f",5900
"10025","Eid","m",5898
"27318","Mobilmachung","f",5897
"31829","Sichtbarkeit","f",5896
"19005","Innenpolitik","f",5894
"10451","Einlage","f",5892
"29166","Schiffahrt","f",5887
"18446","Impfung","f",5884
"34203","Tunesien","n",5884
"12432","Erkennung","f",5871
"22226","Kochen","n",5869
"8900","Dogma","n",5867
"12611","Erprobung","f",5867
"21705","Klammer","f",5864
"25245","Marquis","m",5864
"4335","Ausschlag","m",5863
"23659","Kortex","m",5857
"19438","Intranet","n",5856
"10484","Einmischung","f",5855
"20446","Kanzlei","f",5849
"1048","Aluminium","n",5848
"6759","Bescheinigung","f",5848
"12705","Erstaunen","n",5848
"31411","Selbstzweck","m",5848
"29069","Scheu","f",5844
"28131","Muttergesellschaft","f",5836
"13391","Extension","f",5833
"31493","Senior","m",5831
"26408","Metzger","m",5828
"8015","Codierung","f",5826
"7800","Bildungsarbeit","f",5819
"19635","ISDN","n",5818
"37015","Zigeuner","m",5816
"37345","Zuflucht","f",5814
"6108","Beistand","m",5808
"11770","Entschlossenheit","f",5804
"36785","Zentralstelle","f",5803
"32935","Tarif","m",5799
"6585","Berufserfahrung","f",5798
"19398","Intervall","n",5795
"35912","Uraufführung","f",5792
"36377","Zauber","m",5790
"4629","Autobahn","f",5789
"8947","Doli","f",5785
"17682","Hausindustrie","f",5782
"16501","Gesetzlichkeit","f",5780
"22719","Kompression","f",5778
"22182","Knötchen","n",5777
"10932","Eiweiß","n",5776
"6867","Besorgnis","f",5775
"14883","Gallenblase","f",5774
"12059","Erasmus","m",5772
"8580","Digitalisierung","f",5768
"7021","Beton","m",5762
"10048","Eifersucht","f",5762
"11781","Entsetzen","n",5759
"16510","Gesichtsausdruck","m",5756
"37156","Zivilbevölkerung","f",5756
"15384","Gedankengut","n",5755
"30259","Schulleitung","f",5755
"16952","Ghana","n",5751
"10003","Ehrlichkeit","f",5749
"25713","Medienkompetenz","f",5749
"23447","Kopftuch","n",5745
"19114","Inspektion","f",5743
"28453","Nächstenliebe","f",5739
"1630","Animation","f",5735
"7293","Bevorzugung","f",5734
"26820","Minimierung","f",5733
"24650","Mähren","n",5732
"31633","Session","f",5731
